,,,,,C-8  EDUCATIONAL LEVEL BY AGE AND SEX FOR POPULATION AGE 7 AND ABOVE - 2011,,,,,,,,,,,,,,,,,,,,,,,,,,,,,,,,,,,,,,,
Table,State,Distt.,Area Name,Total/,Age-group,    Total,,,Illiterate,,,Literate,,,Educational level,,,,,,,,,,,,,,,,,,,,,,,,,,,,,
Name,Code,Code,,Rural/,,,,,,,,,,,Literate without,,,Below,,,Primary,,,Middle,,,Matric/Secondary,,,Higher secondary/Intermediate,,,Non-technical diploma or,,,Technical diploma or certificate,,,Graduate & above,,,unclassified,,
,,,,Urban/,,,,,,,,,,,educational level,,,primary,,,,,,,,,,,,Pre-University/Senior secondary,,,certificate not equal to degree,,,not equal to degree ,,,,,,,,
,,,,,,Persons,Males,Females,Persons,Males,Females,Persons,Males,Females,Persons,Males,Females,Persons,Males,Females,Persons,Males,Females,Persons,Males,Females,Persons,Males,Females,Persons,Males,Females,Persons,Males,Females,Persons,Males,Females,Persons,Males,Females,Persons,Males,Females
,,,,,1,2,3,4,5,6,7,8,9,10,11,12,13,14,15,16,17,18,19,20,21,22,23,24,25,26,27,28,29,30,31,32,33,34,35,36,37,38,39,40
,,,,,,,,,,,,,,,,,,,,,,,,,,,,,,,,,,,,,,,,,,,,
C2308,16,000,State - TRIPURA,Total,All ages,3673917,1874376,1799541,869134,373007,496127,2804783,1501369,1303414,160715,74925,85790,725461,363853,361608,698656,363404,335252,592396,320040,272356,200829,117515,83314,273295,163371,109924,414,320,94,5977,4781,1196,137812,88621,49191,9228,4539,4689
C2308,16,000,State - TRIPURA,Total,0-6,458014,234008,224006,458014,234008,224006,0,0,0,0,0,0,0,0,0,0,0,0,0,0,0,0,0,0,0,0,0,0,0,0,0,0,0,0,0,0,0,0,0
C2308,16,000,State - TRIPURA,Total,7,66430,33918,32512,11954,6029,5925,54476,27889,26587,832,449,383,53405,27314,26091,0,0,0,0,0,0,0,0,0,0,0,0,0,0,0,0,0,0,0,0,0,239,126,113
C2308,16,000,State - TRIPURA,Total,8,68449,34968,33481,4807,2382,2425,63642,32586,31056,601,322,279,62954,32206,30748,0,0,0,0,0,0,0,0,0,0,0,0,0,0,0,0,0,0,0,0,0,87,58,29
C2308,16,000,State - TRIPURA,Total,9,67408,34152,33256,3229,1549,1680,64179,32603,31576,500,267,233,60165,30599,29566,3440,1697,1743,0,0,0,0,0,0,0,0,0,0,0,0,0,0,0,0,0,0,74,40,34
C2308,16,000,State - TRIPURA,Total,10,74446,38244,36202,3915,1880,2035,70531,36364,34167,626,358,268,54153,28055,26098,15688,7917,7771,0,0,0,0,0,0,0,0,0,0,0,0,0,0,0,0,0,0,64,34,30
C2308,16,000,State - TRIPURA,Total,11,70154,35830,34324,2387,1093,1294,67767,34737,33030,574,306,268,25794,13426,12368,41316,20952,20364,0,0,0,0,0,0,0,0,0,0,0,0,0,0,0,0,0,0,83,53,30
C2308,16,000,State - TRIPURA,Total,12,74234,38045,36189,2494,1079,1415,71740,36966,34774,599,291,308,12365,6526,5839,55463,28463,27000,3222,1641,1581,0,0,0,0,0,0,0,0,0,0,0,0,0,0,0,91,45,46
C2308,16,000,State - TRIPURA,Total,13,69374,35375,33999,2005,868,1137,67369,34507,32862,639,326,313,6412,3340,3072,49000,25188,23812,11238,5605,5633,0,0,0,0,0,0,0,0,0,0,0,0,0,0,0,80,48,32
C2308,16,000,State - TRIPURA,Total,14,69482,35507,33975,2270,968,1302,67212,34539,32673,816,411,405,5018,2632,2386,31291,16363,14928,30023,15106,14917,0,0,0,0,0,0,0,0,0,0,0,0,0,0,0,64,27,37
C2308,16,000,State - TRIPURA,Total,15,71020,36298,34722,2931,1136,1795,68089,35162,32927,1038,490,548,5215,2761,2454,19548,10594,8954,36747,18554,18193,5462,2718,2744,0,0,0,0,0,0,0,0,0,0,0,0,79,45,34
C2308,16,000,State - TRIPURA,Total,16,71534,36901,34633,2944,1129,1815,68590,35772,32818,1342,639,703,5355,2878,2477,14782,8073,6709,33487,17204,16283,13541,6936,6605,0,0,0,0,0,0,0,0,0,0,0,0,83,42,41
C2308,16,000,State - TRIPURA,Total,17,67462,35616,31846,2923,1122,1801,64539,34494,30045,1494,754,740,5658,3086,2572,12700,7061,5639,24269,12622,11647,20340,10926,9414,0,0,0,0,0,0,0,0,0,0,0,0,78,45,33
C2308,16,000,State - TRIPURA,Total,18,77535,38564,38971,4667,1562,3105,72868,37002,35866,2362,1090,1272,8290,4210,4080,15453,7722,7731,22414,10878,11536,12349,6645,5704,11728,6295,5433,12,7,5,138,93,45,0,0,0,122,62,60
C2308,16,000,State - TRIPURA,Total,19,70278,33757,36521,3848,1163,2685,66430,32594,33836,2427,986,1441,7481,3615,3866,13877,6539,7338,18038,8330,9708,9221,4897,4324,15023,8017,7006,21,10,11,240,149,91,0,0,0,102,51,51
C2308,16,000,State - TRIPURA,Total,20-24,373177,183779,189398,24346,7901,16445,348831,175878,172953,16147,6999,9148,47455,22667,24788,78771,38114,40657,83785,40362,43423,33541,17854,15687,69216,38908,30308,116,79,37,1529,1023,506,17478,9507,7971,793,365,428
C2308,16,000,State - TRIPURA,Total,25-29,344149,175059,169090,28297,9625,18672,315852,165434,150418,19585,9144,10441,51102,24348,26754,73743,36333,37410,76883,40599,36284,25053,14390,10663,44129,25801,18328,77,55,22,1068,837,231,23444,13555,9889,768,372,396
C2308,16,000,State - TRIPURA,Total,30-34,286989,149231,137758,26516,9029,17487,260473,140202,120271,17090,7917,9173,45841,22174,23667,57449,28944,28505,63690,34768,28922,21440,12886,8554,34244,20796,13448,54,48,6,746,620,126,19236,11744,7492,683,305,378
C2308,16,000,State - TRIPURA,Total,35-39,279342,143051,136291,33427,10740,22687,245915,132311,113604,18027,8077,9950,50187,23520,26667,53551,26997,26554,57188,31618,25570,20208,12802,7406,26121,16068,10053,35,30,5,578,510,68,19139,12310,6829,881,379,502
C2308,16,000,State - TRIPURA,Total,40-44,238751,124093,114658,37123,12280,24843,201628,111813,89815,16874,7492,9382,47843,22624,25219,41330,21532,19798,42317,25219,17098,15052,10286,4766,19677,12339,7338,26,25,1,452,415,37,17154,11494,5660,903,387,516
C2308,16,000,State - TRIPURA,Total,45-49,205469,106717,98752,38695,13302,25393,166774,93415,73359,15687,7160,8527,44973,22203,22770,34531,18750,15781,30955,18726,12229,9009,6025,2984,15804,9662,6142,19,18,1,374,352,22,14542,10118,4424,880,401,479
C2308,16,000,State - TRIPURA,Total,50-54,162186,86627,75559,34843,12523,22320,127343,74104,53239,12284,5991,6293,35343,18355,16988,26977,15575,11402,22447,14371,8076,5429,3644,1785,13816,8571,5245,23,22,1,295,273,22,9924,6921,3003,805,381,424
C2308,16,000,State - TRIPURA,Total,55-59,116874,61849,55025,28134,9156,18978,88740,52693,36047,8880,4324,4556,24889,12571,12318,18192,10736,7456,13901,9187,4714,3456,2345,1111,11369,7772,3597,11,10,1,154,135,19,7318,5336,1982,570,277,293
C2308,16,000,State - TRIPURA,Total,60-64,97129,49611,47518,30094,9385,20709,67035,40226,26809,7634,3714,3920,21708,10989,10719,14519,8918,5601,8851,6080,2771,2340,1710,630,6140,4393,1747,11,10,1,199,186,13,5052,3904,1148,581,322,259
C2308,16,000,State - TRIPURA,Total,65-69,70480,35044,35436,24978,7418,17560,45502,27626,17876,5452,2717,2735,16473,8675,7798,10627,6653,3974,5461,3844,1617,1732,1310,422,2887,2211,676,4,2,2,95,90,5,2309,1850,459,462,274,188
C2308,16,000,State - TRIPURA,Total,70-74,52324,25535,26789,21419,6400,15019,30905,19135,11770,4035,2071,1964,12216,6726,5490,7292,4648,2644,3264,2359,905,1053,854,199,1483,1211,272,1,1,0,61,57,4,1194,1022,172,306,186,120
C2308,16,000,State - TRIPURA,Total,75-79,30086,14259,15827,12945,3654,9291,17141,10605,6536,2149,1080,1069,6917,3852,3065,4153,2582,1571,1787,1296,491,679,574,105,721,615,106,3,3,0,29,25,4,558,493,65,145,85,60
C2308,16,000,State - TRIPURA,Total,80+,39525,17471,22054,19546,5456,14090,19979,12015,7964,2632,1305,1327,8096,4440,3656,4764,2949,1815,2231,1565,666,834,660,174,836,653,183,0,0,0,17,14,3,407,327,80,162,102,60
C2308,16,000,State - TRIPURA,Total,Age not stated,1616,867,749,383,170,213,1233,697,536,389,245,144,153,61,92,199,104,95,198,106,92,90,53,37,101,59,42,1,0,1,2,2,0,57,40,17,43,27,16
C2308,16,000,State - TRIPURA,Rural,All ages,2712464,1387173,1325291,719691,305670,414021,1992773,1081503,911270,120744,56225,64519,579471,294874,284597,534359,283731,250628,413619,228022,185597,139110,84042,55068,148395,94772,53623,121,89,32,1571,1249,322,48053,34869,13184,7330,3630,3700
C2308,16,000,State - TRIPURA,Rural,0-6,365309,186400,178909,365309,186400,178909,0,0,0,0,0,0,0,0,0,0,0,0,0,0,0,0,0,0,0,0,0,0,0,0,0,0,0,0,0,0,0,0,0
C2308,16,000,State - TRIPURA,Rural,7,52331,26766,25565,10234,5156,5078,42097,21610,20487,649,351,298,41280,21163,20117,0,0,0,0,0,0,0,0,0,0,0,0,0,0,0,0,0,0,0,0,0,168,96,72
C2308,16,000,State - TRIPURA,Rural,8,53871,27492,26379,4355,2144,2211,49516,25348,24168,468,252,216,48968,25043,23925,0,0,0,0,0,0,0,0,0,0,0,0,0,0,0,0,0,0,0,0,0,80,53,27
C2308,16,000,State - TRIPURA,Rural,9,52939,26775,26164,2904,1372,1532,50035,25403,24632,375,198,177,46746,23749,22997,2850,1421,1429,0,0,0,0,0,0,0,0,0,0,0,0,0,0,0,0,0,0,64,35,29
C2308,16,000,State - TRIPURA,Rural,10,59237,30415,28822,3473,1645,1828,55764,28770,26994,496,275,221,43115,22301,20814,12101,6164,5937,0,0,0,0,0,0,0,0,0,0,0,0,0,0,0,0,0,0,52,30,22
C2308,16,000,State - TRIPURA,Rural,11,55018,28076,26942,2126,960,1166,52892,27116,25776,445,237,208,21707,11222,10485,30675,15616,15059,0,0,0,0,0,0,0,0,0,0,0,0,0,0,0,0,0,0,65,41,24
C2308,16,000,State - TRIPURA,Rural,12,59293,30412,28881,2245,940,1305,57048,29472,27576,483,227,256,10935,5754,5181,42958,22113,20845,2599,1340,1259,0,0,0,0,0,0,0,0,0,0,0,0,0,0,0,73,38,35
C2308,16,000,State - TRIPURA,Rural,13,54998,28164,26834,1813,760,1053,53185,27404,25781,526,259,267,5665,2933,2732,38564,19978,18586,8366,4195,4171,0,0,0,0,0,0,0,0,0,0,0,0,0,0,0,64,39,25
C2308,16,000,State - TRIPURA,Rural,14,54448,27837,26611,2019,834,1185,52429,27003,25426,647,312,335,4344,2261,2083,25724,13429,12295,21658,10978,10680,0,0,0,0,0,0,0,0,0,0,0,0,0,0,0,56,23,33
C2308,16,000,State - TRIPURA,Rural,15,55643,28476,27167,2636,993,1643,53007,27483,25524,844,396,448,4525,2366,2159,16365,8855,7510,27336,13890,13446,3873,1936,1937,0,0,0,0,0,0,0,0,0,0,0,0,64,40,24
C2308,16,000,State - TRIPURA,Rural,16,55345,28666,26679,2648,998,1650,52697,27668,25029,1112,526,586,4592,2437,2155,12226,6686,5540,25594,13295,12299,9107,4691,4416,0,0,0,0,0,0,0,0,0,0,0,0,66,33,33
C2308,16,000,State - TRIPURA,Rural,17,51403,27424,23979,2587,959,1628,48816,26465,22351,1211,606,605,4744,2571,2173,10351,5798,4553,19167,10108,9059,13283,7344,5939,0,0,0,0,0,0,0,0,0,0,0,0,60,38,22
C2308,16,000,State - TRIPURA,Rural,18,59769,29626,30143,4161,1328,2833,55608,28298,27310,1908,864,1044,7032,3531,3501,12601,6253,6348,17951,8797,9154,8877,4887,3990,7107,3890,3217,2,2,0,38,25,13,0,0,0,92,49,43
C2308,16,000,State - TRIPURA,Rural,19,52728,25185,27543,3439,986,2453,49289,24199,25090,1922,761,1161,6146,2936,3210,11108,5185,5923,14174,6620,7554,7016,3752,3264,8778,4863,3915,8,4,4,62,42,20,0,0,0,75,36,39
C2308,16,000,State - TRIPURA,Rural,20-24,280876,138466,142410,21800,6834,14966,259076,131632,127444,12508,5312,7196,39218,18573,20645,62992,30377,32615,64803,31601,33202,26471,14322,12149,44014,25985,18029,40,26,14,481,357,124,7955,4809,3146,594,270,324
C2308,16,000,State - TRIPURA,Rural,25-29,252860,129389,123471,25251,8370,16881,227609,121019,106590,14770,6830,7940,41756,19914,21842,57915,28957,28958,56081,30215,25866,18800,11151,7649,27200,16741,10459,32,22,10,331,278,53,10127,6619,3508,597,292,305
C2308,16,000,State - TRIPURA,Rural,30-34,204868,107731,97137,23453,7823,15630,181415,99908,81507,12679,5834,6845,37138,18134,19004,43971,22630,21341,44273,24930,19343,15302,9634,5668,19425,12729,6696,11,11,0,231,192,39,7825,5566,2259,560,248,312
C2308,16,000,State - TRIPURA,Rural,35-39,196129,101658,94471,29082,9184,19898,167047,92474,74573,13315,5951,7364,40191,19121,21070,39907,20710,19197,37440,21766,15674,13888,9313,4575,14131,9663,4468,9,8,1,158,137,21,7270,5483,1787,738,322,416
C2308,16,000,State - TRIPURA,Rural,40-44,164055,85593,78462,31871,10363,21508,132184,75230,56954,12500,5462,7038,38166,18439,19727,30076,16291,13785,25692,16129,9563,9806,7221,2585,9249,6633,2616,11,11,0,97,85,12,5830,4638,1192,757,321,436
C2308,16,000,State - TRIPURA,Rural,45-49,139297,72663,66634,33107,11227,21880,106190,61436,44754,11585,5323,6262,35830,18218,17612,24763,14178,10585,17335,11283,6052,5320,3934,1386,6379,4587,1792,2,1,1,45,37,8,4203,3541,662,728,334,394
C2308,16,000,State - TRIPURA,Rural,50-54,108302,57982,50320,29664,10628,19036,78638,47354,31284,9026,4410,4616,28028,15070,12958,19049,11719,7330,12288,8513,3775,2814,2093,721,4564,3361,1203,0,0,0,47,37,10,2174,1850,324,648,301,347
C2308,16,000,State - TRIPURA,Rural,55-59,76947,40066,36881,24007,7769,16238,52940,32297,20643,6449,3155,3294,19591,10379,9212,12554,7977,4577,7311,5248,2063,1684,1313,371,3633,2913,720,1,1,0,27,18,9,1248,1078,170,442,215,227
C2308,16,000,State - TRIPURA,Rural,60-64,67295,33940,33355,25568,8054,17514,41727,25886,15841,5820,2872,2948,17028,9180,7848,10012,6760,3252,4674,3569,1105,1024,868,156,1940,1680,260,2,1,1,24,18,6,766,691,75,437,247,190
C2308,16,000,State - TRIPURA,Rural,65-69,50426,25067,25359,21187,6419,14768,29239,18648,10591,4140,2095,2045,12699,7215,5484,7193,5057,2136,2905,2337,568,725,632,93,900,799,101,3,2,1,10,8,2,317,294,23,347,209,138
C2308,16,000,State - TRIPURA,Rural,70-74,37764,18698,19066,17856,5531,12325,19908,13167,6741,3082,1675,1407,9149,5530,3619,4752,3488,1264,1685,1402,283,384,356,28,465,426,39,0,0,0,10,9,1,148,136,12,233,145,88
C2308,16,000,State - TRIPURA,Rural,75-79,21165,10258,10907,10564,3115,7449,10601,7143,3458,1578,844,734,4981,3156,1825,2517,1853,664,885,747,138,257,230,27,197,182,15,0,0,0,3,1,2,63,58,5,120,72,48
C2308,16,000,State - TRIPURA,Rural,80+,29113,13380,15733,16042,4746,11296,13071,8634,4437,1939,1028,911,5804,3641,2163,3023,2178,845,1293,995,298,422,330,92,359,286,73,0,0,0,5,3,2,103,90,13,123,83,40
C2308,16,000,State - TRIPURA,Rural,Age not stated,1035,568,467,290,132,158,745,436,309,267,170,97,93,37,56,112,58,54,109,64,45,57,35,22,54,34,20,0,0,0,2,2,0,24,16,8,27,20,7
C2308,16,000,State - TRIPURA,Urban,All ages,961453,487203,474250,149443,67337,82106,812010,419866,392144,39971,18700,21271,145990,68979,77011,164297,79673,84624,178777,92018,86759,61719,33473,28246,124900,68599,56301,293,231,62,4406,3532,874,89759,53752,36007,1898,909,989
C2308,16,000,State - TRIPURA,Urban,0-6,92705,47608,45097,92705,47608,45097,0,0,0,0,0,0,0,0,0,0,0,0,0,0,0,0,0,0,0,0,0,0,0,0,0,0,0,0,0,0,0,0,0
C2308,16,000,State - TRIPURA,Urban,7,14099,7152,6947,1720,873,847,12379,6279,6100,183,98,85,12125,6151,5974,0,0,0,0,0,0,0,0,0,0,0,0,0,0,0,0,0,0,0,0,0,71,30,41
C2308,16,000,State - TRIPURA,Urban,8,14578,7476,7102,452,238,214,14126,7238,6888,133,70,63,13986,7163,6823,0,0,0,0,0,0,0,0,0,0,0,0,0,0,0,0,0,0,0,0,0,7,5,2
C2308,16,000,State - TRIPURA,Urban,9,14469,7377,7092,325,177,148,14144,7200,6944,125,69,56,13419,6850,6569,590,276,314,0,0,0,0,0,0,0,0,0,0,0,0,0,0,0,0,0,0,10,5,5
C2308,16,000,State - TRIPURA,Urban,10,15209,7829,7380,442,235,207,14767,7594,7173,130,83,47,11038,5754,5284,3587,1753,1834,0,0,0,0,0,0,0,0,0,0,0,0,0,0,0,0,0,0,12,4,8
C2308,16,000,State - TRIPURA,Urban,11,15136,7754,7382,261,133,128,14875,7621,7254,129,69,60,4087,2204,1883,10641,5336,5305,0,0,0,0,0,0,0,0,0,0,0,0,0,0,0,0,0,0,18,12,6
C2308,16,000,State - TRIPURA,Urban,12,14941,7633,7308,249,139,110,14692,7494,7198,116,64,52,1430,772,658,12505,6350,6155,623,301,322,0,0,0,0,0,0,0,0,0,0,0,0,0,0,0,18,7,11
C2308,16,000,State - TRIPURA,Urban,13,14376,7211,7165,192,108,84,14184,7103,7081,113,67,46,747,407,340,10436,5210,5226,2872,1410,1462,0,0,0,0,0,0,0,0,0,0,0,0,0,0,0,16,9,7
C2308,16,000,State - TRIPURA,Urban,14,15034,7670,7364,251,134,117,14783,7536,7247,169,99,70,674,371,303,5567,2934,2633,8365,4128,4237,0,0,0,0,0,0,0,0,0,0,0,0,0,0,0,8,4,4
C2308,16,000,State - TRIPURA,Urban,15,15377,7822,7555,295,143,152,15082,7679,7403,194,94,100,690,395,295,3183,1739,1444,9411,4664,4747,1589,782,807,0,0,0,0,0,0,0,0,0,0,0,0,15,5,10
C2308,16,000,State - TRIPURA,Urban,16,16189,8235,7954,296,131,165,15893,8104,7789,230,113,117,763,441,322,2556,1387,1169,7893,3909,3984,4434,2245,2189,0,0,0,0,0,0,0,0,0,0,0,0,17,9,8
C2308,16,000,State - TRIPURA,Urban,17,16059,8192,7867,336,163,173,15723,8029,7694,283,148,135,914,515,399,2349,1263,1086,5102,2514,2588,7057,3582,3475,0,0,0,0,0,0,0,0,0,0,0,0,18,7,11
C2308,16,000,State - TRIPURA,Urban,18,17766,8938,8828,506,234,272,17260,8704,8556,454,226,228,1258,679,579,2852,1469,1383,4463,2081,2382,3472,1758,1714,4621,2405,2216,10,5,5,100,68,32,0,0,0,30,13,17
C2308,16,000,State - TRIPURA,Urban,19,17550,8572,8978,409,177,232,17141,8395,8746,505,225,280,1335,679,656,2769,1354,1415,3864,1710,2154,2205,1145,1060,6245,3154,3091,13,6,7,178,107,71,0,0,0,27,15,12
C2308,16,000,State - TRIPURA,Urban,20-24,92301,45313,46988,2546,1067,1479,89755,44246,45509,3639,1687,1952,8237,4094,4143,15779,7737,8042,18982,8761,10221,7070,3532,3538,25202,12923,12279,76,53,23,1048,666,382,9523,4698,4825,199,95,104
C2308,16,000,State - TRIPURA,Urban,25-29,91289,45670,45619,3046,1255,1791,88243,44415,43828,4815,2314,2501,9346,4434,4912,15828,7376,8452,20802,10384,10418,6253,3239,3014,16929,9060,7869,45,33,12,737,559,178,13317,6936,6381,171,80,91
C2308,16,000,State - TRIPURA,Urban,30-34,82121,41500,40621,3063,1206,1857,79058,40294,38764,4411,2083,2328,8703,4040,4663,13478,6314,7164,19417,9838,9579,6138,3252,2886,14819,8067,6752,43,37,6,515,428,87,11411,6178,5233,123,57,66
C2308,16,000,State - TRIPURA,Urban,35-39,83213,41393,41820,4345,1556,2789,78868,39837,39031,4712,2126,2586,9996,4399,5597,13644,6287,7357,19748,9852,9896,6320,3489,2831,11990,6405,5585,26,22,4,420,373,47,11869,6827,5042,143,57,86
C2308,16,000,State - TRIPURA,Urban,40-44,74696,38500,36196,5252,1917,3335,69444,36583,32861,4374,2030,2344,9677,4185,5492,11254,5241,6013,16625,9090,7535,5246,3065,2181,10428,5706,4722,15,14,1,355,330,25,11324,6856,4468,146,66,80
C2308,16,000,State - TRIPURA,Urban,45-49,66172,34054,32118,5588,2075,3513,60584,31979,28605,4102,1837,2265,9143,3985,5158,9768,4572,5196,13620,7443,6177,3689,2091,1598,9425,5075,4350,17,17,0,329,315,14,10339,6577,3762,152,67,85
C2308,16,000,State - TRIPURA,Urban,50-54,53884,28645,25239,5179,1895,3284,48705,26750,21955,3258,1581,1677,7315,3285,4030,7928,3856,4072,10159,5858,4301,2615,1551,1064,9252,5210,4042,23,22,1,248,236,12,7750,5071,2679,157,80,77
C2308,16,000,State - TRIPURA,Urban,55-59,39927,21783,18144,4127,1387,2740,35800,20396,15404,2431,1169,1262,5298,2192,3106,5638,2759,2879,6590,3939,2651,1772,1032,740,7736,4859,2877,10,9,1,127,117,10,6070,4258,1812,128,62,66
C2308,16,000,State - TRIPURA,Urban,60-64,29834,15671,14163,4526,1331,3195,25308,14340,10968,1814,842,972,4680,1809,2871,4507,2158,2349,4177,2511,1666,1316,842,474,4200,2713,1487,9,9,0,175,168,7,4286,3213,1073,144,75,69
C2308,16,000,State - TRIPURA,Urban,65-69,20054,9977,10077,3791,999,2792,16263,8978,7285,1312,622,690,3774,1460,2314,3434,1596,1838,2556,1507,1049,1007,678,329,1987,1412,575,1,0,1,85,82,3,1992,1556,436,115,65,50
C2308,16,000,State - TRIPURA,Urban,70-74,14560,6837,7723,3563,869,2694,10997,5968,5029,953,396,557,3067,1196,1871,2540,1160,1380,1579,957,622,669,498,171,1018,785,233,1,1,0,51,48,3,1046,886,160,73,41,32
C2308,16,000,State - TRIPURA,Urban,75-79,8921,4001,4920,2381,539,1842,6540,3462,3078,571,236,335,1936,696,1240,1636,729,907,902,549,353,422,344,78,524,433,91,3,3,0,26,24,2,495,435,60,25,13,12
C2308,16,000,State - TRIPURA,Urban,80+,10412,4091,6321,3504,710,2794,6908,3381,3527,693,277,416,2292,799,1493,1741,771,970,938,570,368,412,330,82,477,367,110,0,0,0,12,11,1,304,237,67,39,19,20
C2308,16,000,State - TRIPURA,Urban,Age not stated,581,299,282,93,38,55,488,261,227,122,75,47,60,24,36,87,46,41,89,42,47,33,18,15,47,25,22,1,0,1,0,0,0,33,24,9,16,7,9
C2308,16,289,District - West Tripura ,Total,All ages,1725739,879428,846311,364385,156430,207955,1361354,722998,638356,65166,30431,34735,306557,151148,155409,330853,168205,162648,302218,161509,140709,107635,62006,45629,153489,90467,63022,297,224,73,4061,3229,832,86824,53729,33095,4254,2050,2204
C2308,16,289,District - West Tripura ,Total,0-6,190850,97787,93063,190850,97787,93063,0,0,0,0,0,0,0,0,0,0,0,0,0,0,0,0,0,0,0,0,0,0,0,0,0,0,0,0,0,0,0,0,0
C2308,16,289,District - West Tripura ,Total,7,28080,14256,13824,4892,2438,2454,23188,11818,11370,323,169,154,22759,11595,11164,0,0,0,0,0,0,0,0,0,0,0,0,0,0,0,0,0,0,0,0,0,106,54,52
C2308,16,289,District - West Tripura ,Total,8,28786,14849,13937,1622,833,789,27164,14016,13148,248,142,106,26880,13849,13031,0,0,0,0,0,0,0,0,0,0,0,0,0,0,0,0,0,0,0,0,0,36,25,11
C2308,16,289,District - West Tripura ,Total,9,28739,14516,14223,1040,530,510,27699,13986,13713,175,98,77,25793,13074,12719,1708,804,904,0,0,0,0,0,0,0,0,0,0,0,0,0,0,0,0,0,0,23,10,13
C2308,16,289,District - West Tripura ,Total,10,31493,16197,15296,1304,650,654,30189,15547,14642,217,120,97,22288,11633,10655,7654,3778,3876,0,0,0,0,0,0,0,0,0,0,0,0,0,0,0,0,0,0,30,16,14
C2308,16,289,District - West Tripura ,Total,11,30818,15651,15167,741,358,383,30077,15293,14784,217,119,98,9812,5047,4765,20019,10110,9909,0,0,0,0,0,0,0,0,0,0,0,0,0,0,0,0,0,0,29,17,12
C2308,16,289,District - West Tripura ,Total,12,31818,16306,15512,795,386,409,31023,15920,15103,227,120,107,3975,2145,1830,25094,12772,12322,1692,870,822,0,0,0,0,0,0,0,0,0,0,0,0,0,0,0,35,13,22
C2308,16,289,District - West Tripura ,Total,13,30128,15335,14793,603,300,303,29525,15035,14490,205,122,83,1990,1069,921,21535,10978,10557,5763,2853,2910,0,0,0,0,0,0,0,0,0,0,0,0,0,0,0,32,13,19
C2308,16,289,District - West Tripura ,Total,14,31193,15955,15238,726,349,377,30467,15606,14861,289,149,140,1627,903,724,13405,6960,6445,15120,7583,7537,0,0,0,0,0,0,0,0,0,0,0,0,0,0,0,26,11,15
C2308,16,289,District - West Tripura ,Total,15,32316,16414,15902,929,405,524,31387,16009,15378,365,189,176,1845,1019,826,8061,4354,3707,18024,8911,9113,3053,1520,1533,0,0,0,0,0,0,0,0,0,0,0,0,39,16,23
C2308,16,289,District - West Tripura ,Total,16,33250,17107,16143,955,411,544,32295,16696,15599,479,232,247,2035,1149,886,6484,3459,3025,15927,8090,7837,7340,3753,3587,0,0,0,0,0,0,0,0,0,0,0,0,30,13,17
C2308,16,289,District - West Tripura ,Total,17,31613,16545,15068,957,420,537,30656,16125,14531,554,290,264,2221,1249,972,5633,3076,2557,11274,5706,5568,10942,5787,5155,0,0,0,0,0,0,0,0,0,0,0,0,32,17,15
C2308,16,289,District - West Tripura ,Total,18,36541,18304,18237,1610,619,991,34931,17685,17246,894,426,468,3216,1713,1503,7141,3525,3616,10545,5043,5502,6475,3424,3051,6485,3455,3030,11,6,5,105,65,40,0,0,0,59,28,31
C2308,16,289,District - West Tripura ,Total,19,33366,16324,17042,1260,457,803,32106,15867,16239,879,375,504,2987,1534,1453,6360,3083,3277,8569,3847,4722,4738,2479,2259,8347,4420,3927,17,7,10,161,96,65,0,0,0,48,26,22
C2308,16,289,District - West Tripura ,Total,20-24,176431,87398,89033,8041,2995,5046,168390,84403,83987,6080,2741,3339,19109,9339,9770,35983,17110,18873,40527,19122,21405,17584,9176,8408,37082,20486,16596,86,58,28,1006,640,366,10572,5554,5018,361,177,184
C2308,16,289,District - West Tripura ,Total,25-29,165002,83840,81162,9713,3660,6053,155289,80180,75109,7692,3717,3975,21113,9935,11178,34571,16212,18359,38908,20034,18874,13512,7629,5883,23938,13830,10108,52,36,16,698,536,162,14450,8075,6375,355,176,179
C2308,16,289,District - West Tripura ,Total,30-34,140470,73022,67448,9982,3572,6410,130488,69450,61038,7035,3294,3741,19478,9181,10297,27651,13469,14182,32683,17522,15161,11673,6917,4756,19200,11513,7687,39,33,6,480,401,79,11933,6978,4955,316,142,174
C2308,16,289,District - West Tripura ,Total,35-39,136860,69503,67357,13728,4425,9303,123132,65078,58054,7312,3235,4077,22033,9748,12285,26249,12620,13629,29773,16209,13564,10904,6845,4059,14455,8739,5716,23,19,4,375,328,47,11615,7180,4435,393,155,238
C2308,16,289,District - West Tripura ,Total,40-44,119308,61525,57783,16751,5590,11161,102557,55935,46622,7155,3141,4014,21163,9573,11590,21290,10611,10679,22972,13612,9360,7618,5042,2576,11154,6868,4286,11,10,1,320,295,25,10472,6617,3855,402,166,236
C2308,16,289,District - West Tripura ,Total,45-49,103081,53235,49846,17606,6028,11578,85475,47207,38268,6562,2974,3588,19814,9293,10521,17751,9362,8389,17454,10509,6945,4864,3158,1706,9269,5527,3742,14,14,0,276,266,10,9033,5905,3128,438,199,239
C2308,16,289,District - West Tripura ,Total,50-54,82128,43784,38344,16095,5730,10365,66033,38054,27979,5077,2444,2633,15623,7797,7826,13665,7686,5979,12702,8061,4641,3024,2030,994,8704,5265,3439,21,20,1,222,211,11,6614,4361,2253,381,179,202
C2308,16,289,District - West Tripura ,Total,55-59,59265,31507,27758,12776,3967,8809,46489,27540,18949,3703,1779,1924,11001,5253,5748,9296,5396,3900,7923,5211,2712,1922,1268,654,7115,4759,2356,8,8,0,115,105,10,5148,3637,1511,258,124,134
C2308,16,289,District - West Tripura ,Total,60-64,48093,24633,23460,13749,4151,9598,34344,20482,13862,3120,1471,1649,9623,4642,4981,7331,4410,2921,4979,3340,1639,1365,976,389,3903,2672,1231,9,9,0,149,142,7,3584,2666,918,281,154,127
C2308,16,289,District - West Tripura ,Total,65-69,34226,16917,17309,11478,3267,8211,22748,13650,9098,2281,1103,1178,7309,3662,3647,5286,3238,2048,3062,2068,994,995,717,278,1814,1340,474,2,1,1,75,72,3,1696,1326,370,228,123,105
C2308,16,289,District - West Tripura ,Total,70-74,25947,12403,13544,10219,2846,7373,15728,9557,6171,1703,830,873,5623,2931,2692,3786,2318,1468,1881,1293,588,652,509,143,978,769,209,1,1,0,41,38,3,922,779,143,141,89,52
C2308,16,289,District - West Tripura ,Total,75-79,15196,7127,8069,6194,1667,4527,9002,5460,3542,975,472,503,3267,1718,1549,2255,1342,913,1072,734,338,409,341,68,488,399,89,2,2,0,22,20,2,438,382,56,74,50,24
C2308,16,289,District - West Tripura ,Total,80+,19782,8470,11312,9564,2493,7071,10218,5977,4241,1184,542,642,3888,2065,1823,2521,1469,1052,1243,830,413,496,391,105,492,387,105,0,0,0,14,12,2,302,240,62,78,41,37
C2308,16,289,District - West Tripura ,Total,Age not stated,959,518,441,205,96,109,754,422,332,215,137,78,85,32,53,124,63,61,125,61,64,69,44,25,65,38,27,1,0,1,2,2,0,45,29,16,23,16,7
C2308,16,289,District - West Tripura ,Rural,All ages,1048101,536720,511381,259099,109139,149960,789002,427581,361421,39494,18568,20926,204630,103136,101494,214723,111995,102728,174980,96027,78953,66486,39706,26780,64815,41731,23084,62,44,18,707,577,130,20112,14352,5760,2993,1445,1548
C2308,16,289,District - West Tripura ,Rural,0-6,127118,65022,62096,127118,65022,62096,0,0,0,0,0,0,0,0,0,0,0,0,0,0,0,0,0,0,0,0,0,0,0,0,0,0,0,0,0,0,0,0,0
C2308,16,289,District - West Tripura ,Rural,7,18281,9298,8983,3664,1812,1852,14617,7486,7131,211,111,100,14352,7345,7007,0,0,0,0,0,0,0,0,0,0,0,0,0,0,0,0,0,0,0,0,0,54,30,24
C2308,16,289,District - West Tripura ,Rural,8,18672,9633,9039,1308,659,649,17364,8974,8390,173,106,67,17159,8846,8313,0,0,0,0,0,0,0,0,0,0,0,0,0,0,0,0,0,0,0,0,0,32,22,10
C2308,16,289,District - West Tripura ,Rural,9,18673,9386,9287,822,408,414,17851,8978,8873,115,63,52,16444,8310,8134,1274,596,678,0,0,0,0,0,0,0,0,0,0,0,0,0,0,0,0,0,0,18,9,9
C2308,16,289,District - West Tripura ,Rural,10,21028,10816,10212,984,482,502,20044,10334,9710,142,74,68,14687,7659,7028,5192,2588,2604,0,0,0,0,0,0,0,0,0,0,0,0,0,0,0,0,0,0,23,13,10
C2308,16,289,District - West Tripura ,Rural,11,20286,10258,10028,547,260,287,19739,9998,9741,153,90,63,6915,3506,3409,12650,6391,6259,0,0,0,0,0,0,0,0,0,0,0,0,0,0,0,0,0,0,21,11,10
C2308,16,289,District - West Tripura ,Rural,12,21544,11068,10476,622,290,332,20922,10778,10144,163,79,84,3010,1635,1375,16495,8415,8080,1230,640,590,0,0,0,0,0,0,0,0,0,0,0,0,0,0,0,24,9,15
C2308,16,289,District - West Tripura ,Rural,13,20281,10382,9899,456,219,237,19825,10163,9662,141,81,60,1464,779,685,14400,7415,6985,3797,1879,1918,0,0,0,0,0,0,0,0,0,0,0,0,0,0,0,23,9,14
C2308,16,289,District - West Tripura ,Rural,14,20690,10575,10115,528,243,285,20162,10332,9830,195,97,98,1155,640,515,9446,4843,4603,9344,4744,4600,0,0,0,0,0,0,0,0,0,0,0,0,0,0,0,22,8,14
C2308,16,289,District - West Tripura ,Rural,15,21494,10928,10566,709,292,417,20785,10636,10149,250,124,126,1325,723,602,5805,3120,2685,11425,5687,5738,1951,970,981,0,0,0,0,0,0,0,0,0,0,0,0,29,12,17
C2308,16,289,District - West Tripura ,Rural,16,21878,11310,10568,737,314,423,21141,10996,10145,326,158,168,1483,821,662,4614,2446,2168,10382,5328,5054,4316,2235,2081,0,0,0,0,0,0,0,0,0,0,0,0,20,8,12
C2308,16,289,District - West Tripura ,Rural,17,20415,10888,9527,714,301,413,19701,10587,9114,377,201,176,1563,866,697,3952,2195,1757,7686,3968,3718,6100,3345,2755,0,0,0,0,0,0,0,0,0,0,0,0,23,12,11
C2308,16,289,District - West Tripura ,Rural,18,23909,11967,11942,1220,427,793,22689,11540,11149,602,281,321,2331,1226,1105,5069,2469,2600,7387,3586,3801,4103,2220,1883,3131,1722,1409,1,1,0,23,12,11,0,0,0,42,23,19
C2308,16,289,District - West Tripura ,Rural,19,20978,10313,10665,957,319,638,20021,9994,10027,569,238,331,2005,1032,973,4344,2092,2252,5860,2682,3178,3290,1730,1560,3887,2181,1706,6,2,4,29,20,9,0,0,0,31,17,14
C2308,16,289,District - West Tripura ,Rural,20-24,111283,55426,55857,6207,2232,3975,105076,53194,51882,3749,1666,2083,13188,6390,6798,24757,11604,13153,27122,12924,14198,12837,6799,6038,19306,11374,7932,24,16,8,229,169,60,3623,2137,1486,241,115,126
C2308,16,289,District - West Tripura ,Rural,25-29,100207,51537,48670,7539,2779,4760,92668,48758,43910,4624,2240,2384,14415,6766,7649,23184,10939,12245,24027,12670,11357,9392,5468,3924,12053,7448,4605,18,13,5,150,130,20,4570,2961,1609,235,123,112
C2308,16,289,District - West Tripura ,Rural,30-34,82217,43621,38596,7710,2689,5021,74507,40932,33575,4137,1928,2209,13308,6345,6963,17926,8906,9020,18921,10498,8423,7673,4788,2885,8795,5838,2957,5,5,0,108,96,12,3401,2424,977,233,104,129
C2308,16,289,District - West Tripura ,Rural,35-39,78118,40396,37722,10493,3272,7221,67625,37124,30501,4280,1904,2376,14987,6667,8320,16400,8102,8298,15726,9214,6512,6746,4524,2222,6130,4270,1860,3,2,1,69,62,7,2976,2259,717,308,120,188
C2308,16,289,District - West Tripura ,Rural,40-44,66467,34489,31978,12776,4146,8630,53691,30343,23348,4313,1839,2474,14449,6672,7777,13152,6882,6270,11011,7026,3985,4345,3169,1176,3826,2825,1001,3,3,0,38,35,3,2249,1768,481,305,124,181
C2308,16,289,District - West Tripura ,Rural,45-49,56136,29082,27054,13463,4475,8988,42673,24607,18066,3898,1795,2103,13490,6510,6980,10781,6092,4689,7547,5068,2479,2459,1807,652,2636,1919,717,0,0,0,13,12,1,1515,1254,261,334,150,184
C2308,16,289,District - West Tripura ,Rural,50-54,43532,23302,20230,12258,4304,7954,31274,18998,12276,3011,1452,1559,10586,5543,5043,8131,4990,3141,5321,3771,1550,1271,975,296,1884,1451,433,0,0,0,19,17,2,777,670,107,274,129,145
C2308,16,289,District - West Tripura ,Rural,55-59,30806,15907,14899,9822,2959,6863,20984,12948,8036,2149,1040,1109,7366,3782,3584,5398,3472,1926,3183,2343,840,733,585,148,1526,1250,276,0,0,0,7,5,2,458,392,66,164,79,85
C2308,16,289,District - West Tripura ,Rural,60-64,26724,13520,13204,10408,3167,7241,16316,10353,5963,1940,930,1010,6408,3450,2958,4225,2925,1300,2018,1585,433,450,387,63,823,731,92,1,1,0,11,9,2,259,232,27,181,103,78
C2308,16,289,District - West Tripura ,Rural,65-69,20043,9880,10163,8712,2540,6172,11331,7340,3991,1427,713,714,4722,2676,2046,3015,2170,845,1247,1011,236,305,263,42,349,316,33,1,1,0,2,2,0,123,115,8,140,73,67
C2308,16,289,District - West Tripura ,Rural,70-74,15525,7530,7995,7629,2203,5426,7896,5327,2569,1069,569,500,3536,2148,1388,2031,1521,510,733,618,115,166,158,8,206,193,13,0,0,0,4,4,0,57,53,4,94,63,31
C2308,16,289,District - West Tripura ,Rural,75-79,8799,4273,4526,4458,1271,3187,4341,3002,1339,604,328,276,1949,1263,686,1109,836,273,395,331,64,110,99,11,84,76,8,0,0,0,0,0,0,31,29,2,59,40,19
C2308,16,289,District - West Tripura ,Rural,80+,12488,5626,6862,7108,1989,5119,5380,3637,1743,744,377,367,2294,1523,771,1321,959,362,566,427,139,199,156,43,151,119,32,0,0,0,3,2,1,55,47,8,47,27,20
C2308,16,289,District - West Tripura ,Rural,Age not stated,509,287,222,130,65,65,379,222,157,132,84,48,39,13,26,52,27,25,52,27,25,40,28,12,28,18,10,0,0,0,2,2,0,18,11,7,16,12,4
C2308,16,289,District - West Tripura ,Urban,All ages,677638,342708,334930,105286,47291,57995,572352,295417,276935,25672,11863,13809,101927,48012,53915,116130,56210,59920,127238,65482,61756,41149,22300,18849,88674,48736,39938,235,180,55,3354,2652,702,66712,39377,27335,1261,605,656
C2308,16,289,District - West Tripura ,Urban,0-6,63732,32765,30967,63732,32765,30967,0,0,0,0,0,0,0,0,0,0,0,0,0,0,0,0,0,0,0,0,0,0,0,0,0,0,0,0,0,0,0,0,0
C2308,16,289,District - West Tripura ,Urban,7,9799,4958,4841,1228,626,602,8571,4332,4239,112,58,54,8407,4250,4157,0,0,0,0,0,0,0,0,0,0,0,0,0,0,0,0,0,0,0,0,0,52,24,28
C2308,16,289,District - West Tripura ,Urban,8,10114,5216,4898,314,174,140,9800,5042,4758,75,36,39,9721,5003,4718,0,0,0,0,0,0,0,0,0,0,0,0,0,0,0,0,0,0,0,0,0,4,3,1
C2308,16,289,District - West Tripura ,Urban,9,10066,5130,4936,218,122,96,9848,5008,4840,60,35,25,9349,4764,4585,434,208,226,0,0,0,0,0,0,0,0,0,0,0,0,0,0,0,0,0,0,5,1,4
C2308,16,289,District - West Tripura ,Urban,10,10465,5381,5084,320,168,152,10145,5213,4932,75,46,29,7601,3974,3627,2462,1190,1272,0,0,0,0,0,0,0,0,0,0,0,0,0,0,0,0,0,0,7,3,4
C2308,16,289,District - West Tripura ,Urban,11,10532,5393,5139,194,98,96,10338,5295,5043,64,29,35,2897,1541,1356,7369,3719,3650,0,0,0,0,0,0,0,0,0,0,0,0,0,0,0,0,0,0,8,6,2
C2308,16,289,District - West Tripura ,Urban,12,10274,5238,5036,173,96,77,10101,5142,4959,64,41,23,965,510,455,8599,4357,4242,462,230,232,0,0,0,0,0,0,0,0,0,0,0,0,0,0,0,11,4,7
C2308,16,289,District - West Tripura ,Urban,13,9847,4953,4894,147,81,66,9700,4872,4828,64,41,23,526,290,236,7135,3563,3572,1966,974,992,0,0,0,0,0,0,0,0,0,0,0,0,0,0,0,9,4,5
C2308,16,289,District - West Tripura ,Urban,14,10503,5380,5123,198,106,92,10305,5274,5031,94,52,42,472,263,209,3959,2117,1842,5776,2839,2937,0,0,0,0,0,0,0,0,0,0,0,0,0,0,0,4,3,1
C2308,16,289,District - West Tripura ,Urban,15,10822,5486,5336,220,113,107,10602,5373,5229,115,65,50,520,296,224,2256,1234,1022,6599,3224,3375,1102,550,552,0,0,0,0,0,0,0,0,0,0,0,0,10,4,6
C2308,16,289,District - West Tripura ,Urban,16,11372,5797,5575,218,97,121,11154,5700,5454,153,74,79,552,328,224,1870,1013,857,5545,2762,2783,3024,1518,1506,0,0,0,0,0,0,0,0,0,0,0,0,10,5,5
C2308,16,289,District - West Tripura ,Urban,17,11198,5657,5541,243,119,124,10955,5538,5417,177,89,88,658,383,275,1681,881,800,3588,1738,1850,4842,2442,2400,0,0,0,0,0,0,0,0,0,0,0,0,9,5,4
C2308,16,289,District - West Tripura ,Urban,18,12632,6337,6295,390,192,198,12242,6145,6097,292,145,147,885,487,398,2072,1056,1016,3158,1457,1701,2372,1204,1168,3354,1733,1621,10,5,5,82,53,29,0,0,0,17,5,12
C2308,16,289,District - West Tripura ,Urban,19,12388,6011,6377,303,138,165,12085,5873,6212,310,137,173,982,502,480,2016,991,1025,2709,1165,1544,1448,749,699,4460,2239,2221,11,5,6,132,76,56,0,0,0,17,9,8
C2308,16,289,District - West Tripura ,Urban,20-24,65148,31972,33176,1834,763,1071,63314,31209,32105,2331,1075,1256,5921,2949,2972,11226,5506,5720,13405,6198,7207,4747,2377,2370,17776,9112,8664,62,42,20,777,471,306,6949,3417,3532,120,62,58
C2308,16,289,District - West Tripura ,Urban,25-29,64795,32303,32492,2174,881,1293,62621,31422,31199,3068,1477,1591,6698,3169,3529,11387,5273,6114,14881,7364,7517,4120,2161,1959,11885,6382,5503,34,23,11,548,406,142,9880,5114,4766,120,53,67
C2308,16,289,District - West Tripura ,Urban,30-34,58253,29401,28852,2272,883,1389,55981,28518,27463,2898,1366,1532,6170,2836,3334,9725,4563,5162,13762,7024,6738,4000,2129,1871,10405,5675,4730,34,28,6,372,305,67,8532,4554,3978,83,38,45
C2308,16,289,District - West Tripura ,Urban,35-39,58742,29107,29635,3235,1153,2082,55507,27954,27553,3032,1331,1701,7046,3081,3965,9849,4518,5331,14047,6995,7052,4158,2321,1837,8325,4469,3856,20,17,3,306,266,40,8639,4921,3718,85,35,50
C2308,16,289,District - West Tripura ,Urban,40-44,52841,27036,25805,3975,1444,2531,48866,25592,23274,2842,1302,1540,6714,2901,3813,8138,3729,4409,11961,6586,5375,3273,1873,1400,7328,4043,3285,8,7,1,282,260,22,8223,4849,3374,97,42,55
C2308,16,289,District - West Tripura ,Urban,45-49,46945,24153,22792,4143,1553,2590,42802,22600,20202,2664,1179,1485,6324,2783,3541,6970,3270,3700,9907,5441,4466,2405,1351,1054,6633,3608,3025,14,14,0,263,254,9,7518,4651,2867,104,49,55
C2308,16,289,District - West Tripura ,Urban,50-54,38596,20482,18114,3837,1426,2411,34759,19056,15703,2066,992,1074,5037,2254,2783,5534,2696,2838,7381,4290,3091,1753,1055,698,6820,3814,3006,21,20,1,203,194,9,5837,3691,2146,107,50,57
C2308,16,289,District - West Tripura ,Urban,55-59,28459,15600,12859,2954,1008,1946,25505,14592,10913,1554,739,815,3635,1471,2164,3898,1924,1974,4740,2868,1872,1189,683,506,5589,3509,2080,8,8,0,108,100,8,4690,3245,1445,94,45,49
C2308,16,289,District - West Tripura ,Urban,60-64,21369,11113,10256,3341,984,2357,18028,10129,7899,1180,541,639,3215,1192,2023,3106,1485,1621,2961,1755,1206,915,589,326,3080,1941,1139,8,8,0,138,133,5,3325,2434,891,100,51,49
C2308,16,289,District - West Tripura ,Urban,65-69,14183,7037,7146,2766,727,2039,11417,6310,5107,854,390,464,2587,986,1601,2271,1068,1203,1815,1057,758,690,454,236,1465,1024,441,1,0,1,73,70,3,1573,1211,362,88,50,38
C2308,16,289,District - West Tripura ,Urban,70-74,10422,4873,5549,2590,643,1947,7832,4230,3602,634,261,373,2087,783,1304,1755,797,958,1148,675,473,486,351,135,772,576,196,1,1,0,37,34,3,865,726,139,47,26,21
C2308,16,289,District - West Tripura ,Urban,75-79,6397,2854,3543,1736,396,1340,4661,2458,2203,371,144,227,1318,455,863,1146,506,640,677,403,274,299,242,57,404,323,81,2,2,0,22,20,2,407,353,54,15,10,5
C2308,16,289,District - West Tripura ,Urban,80+,7294,2844,4450,2456,504,1952,4838,2340,2498,440,165,275,1594,542,1052,1200,510,690,677,403,274,297,235,62,341,268,73,0,0,0,11,10,1,247,193,54,31,14,17
C2308,16,289,District - West Tripura ,Urban,Age not stated,450,231,219,75,31,44,375,200,175,83,53,30,46,19,27,72,36,36,73,34,39,29,16,13,37,20,17,1,0,1,0,0,0,27,18,9,7,4,3
C2308,16,290,District - South Tripura ,Total,All ages,876001,447544,428457,229191,96462,132729,646810,351082,295728,29013,13276,15737,185184,93584,91600,169202,88438,80764,135325,73579,61746,39029,24295,14734,59695,37497,22198,58,50,8,980,802,178,25104,18002,7102,3220,1559,1661
C2308,16,290,District - South Tripura ,Total,0-6,111949,57382,54567,111949,57382,54567,0,0,0,0,0,0,0,0,0,0,0,0,0,0,0,0,0,0,0,0,0,0,0,0,0,0,0,0,0,0,0,0,0
C2308,16,290,District - South Tripura ,Total,7,16261,8425,7836,2970,1548,1422,13291,6877,6414,150,89,61,13057,6744,6313,0,0,0,0,0,0,0,0,0,0,0,0,0,0,0,0,0,0,0,0,0,84,44,40
C2308,16,290,District - South Tripura ,Total,8,17256,8736,8520,1270,621,649,15986,8115,7871,104,56,48,15857,8043,7814,0,0,0,0,0,0,0,0,0,0,0,0,0,0,0,0,0,0,0,0,0,25,16,9
C2308,16,290,District - South Tripura ,Total,9,16754,8505,8249,808,378,430,15946,8127,7819,100,47,53,15145,7714,7431,673,349,324,0,0,0,0,0,0,0,0,0,0,0,0,0,0,0,0,0,0,28,17,11
C2308,16,290,District - South Tripura ,Total,10,18949,9741,9208,968,461,507,17981,9280,8701,110,66,44,14451,7467,6984,3399,1736,1663,0,0,0,0,0,0,0,0,0,0,0,0,0,0,0,0,0,0,21,11,10
C2308,16,290,District - South Tripura ,Total,11,17032,8793,8239,581,293,288,16451,8500,7951,91,48,43,6901,3621,3280,9433,4812,4621,0,0,0,0,0,0,0,0,0,0,0,0,0,0,0,0,0,0,26,19,7
C2308,16,290,District - South Tripura ,Total,12,18602,9502,9100,596,234,362,18006,9268,8738,95,44,51,3312,1720,1592,13958,7179,6779,613,306,307,0,0,0,0,0,0,0,0,0,0,0,0,0,0,0,28,19,9
C2308,16,290,District - South Tripura ,Total,13,17593,8951,8642,477,189,288,17116,8762,8354,98,50,48,1637,830,807,13085,6717,6368,2272,1148,1124,0,0,0,0,0,0,0,0,0,0,0,0,0,0,0,24,17,7
C2308,16,290,District - South Tripura ,Total,14,17177,8797,8380,552,198,354,16625,8599,8026,130,61,69,1229,637,592,8333,4354,3979,6920,3541,3379,0,0,0,0,0,0,0,0,0,0,0,0,0,0,0,13,6,7
C2308,16,290,District - South Tripura ,Total,15,17212,8847,8365,752,264,488,16460,8583,7877,173,69,104,1198,590,608,5121,2780,2341,8982,4651,4331,967,479,488,0,0,0,0,0,0,0,0,0,0,0,0,19,14,5
C2308,16,290,District - South Tripura ,Total,16,17227,8953,8274,821,300,521,16406,8653,7753,198,100,98,1194,592,602,3748,2044,1704,8488,4417,4071,2749,1482,1267,0,0,0,0,0,0,0,0,0,0,0,0,29,18,11
C2308,16,290,District - South Tripura ,Total,17,15804,8442,7362,807,280,527,14997,8162,6835,211,101,110,1302,678,624,3160,1752,1408,5959,3176,2783,4343,2441,1902,0,0,0,0,0,0,0,0,0,0,0,0,22,14,8
C2308,16,290,District - South Tripura ,Total,18,17848,8750,9098,1255,391,864,16593,8359,8234,297,118,179,2040,990,1050,3746,1788,1958,5362,2572,2790,2559,1456,1103,2543,1407,1136,0,0,0,20,17,3,0,0,0,26,11,15
C2308,16,290,District - South Tripura ,Total,19,16692,7878,8814,1097,301,796,15595,7577,8018,394,149,245,1877,841,1036,3584,1564,2020,4393,2035,2358,1949,1114,835,3329,1838,1491,3,2,1,44,29,15,0,0,0,22,5,17
C2308,16,290,District - South Tripura ,Total,20-24,87795,43132,44663,6927,2060,4867,80868,41072,39796,2523,1057,1466,11754,5525,6229,20197,9471,10726,20019,9419,10600,6344,3608,2736,16357,9717,6640,16,12,4,300,224,76,3167,1959,1208,191,80,111
C2308,16,290,District - South Tripura ,Total,25-29,81407,41694,39713,8452,2781,5671,72955,38913,34042,3141,1442,1699,13020,6149,6871,18857,9305,9552,17984,9590,8394,4667,2857,1810,10479,6427,4052,13,11,2,188,153,35,4364,2872,1492,242,107,135
C2308,16,290,District - South Tripura ,Total,30-34,67247,35231,32016,7909,2584,5325,59338,32647,26691,2818,1306,1512,11733,5655,6078,14175,7179,6996,14623,8040,6583,4174,2726,1448,7760,4979,2781,7,7,0,128,106,22,3701,2560,1141,219,89,130
C2308,16,290,District - South Tripura ,Total,35-39,66082,34051,32031,10168,3157,7011,55914,30894,25020,3225,1400,1825,13022,6182,6840,12694,6542,6152,12881,7354,5527,3842,2564,1278,5814,3793,2021,5,4,1,114,99,15,3981,2817,1164,336,139,197
C2308,16,290,District - South Tripura ,Total,40-44,55378,28938,26440,10833,3569,7264,44545,25369,19176,3046,1298,1748,12592,6075,6517,9126,4988,4138,8882,5306,3576,3076,2258,818,3953,2626,1327,9,9,0,63,61,2,3446,2596,850,352,152,200
C2308,16,290,District - South Tripura ,Total,45-49,47969,24921,23048,11479,3938,7541,36490,20983,15507,3005,1355,1650,12000,6139,5861,7614,4298,3316,6160,3768,2392,1597,1146,451,2989,1916,1073,2,2,0,44,40,4,2759,2179,580,320,140,180
C2308,16,290,District - South Tripura ,Total,50-54,37193,19999,17194,9650,3520,6130,27543,16479,11064,2504,1210,1294,9278,5034,4244,5957,3599,2358,4535,2970,1565,957,669,288,2392,1576,816,0,0,0,31,29,2,1574,1249,325,315,143,172
C2308,16,290,District - South Tripura ,Total,55-59,27100,14174,12926,8017,2634,5383,19083,11540,7543,1886,884,1002,6569,3441,3128,3892,2351,1541,2815,1947,868,589,445,144,2055,1524,531,2,2,0,16,14,2,1030,817,213,229,115,114
C2308,16,290,District - South Tripura ,Total,60-64,22350,11334,11016,8271,2616,5655,14079,8718,5361,1632,778,854,5436,2900,2536,3042,1970,1072,1745,1263,482,383,321,62,986,807,179,0,0,0,13,13,0,629,550,79,213,116,97
C2308,16,290,District - South Tripura ,Total,65-69,17172,8443,8729,7190,2179,5011,9982,6264,3718,1179,569,610,4160,2291,1869,2261,1517,744,1115,841,274,346,297,49,486,412,74,0,0,0,8,7,1,246,217,29,181,113,68
C2308,16,290,District - South Tripura ,Total,70-74,12379,5957,6422,5952,1841,4111,6427,4116,2311,813,408,405,2892,1664,1228,1408,956,452,652,521,131,179,168,11,244,217,27,0,0,0,8,8,0,103,98,5,128,76,52
C2308,16,290,District - South Tripura ,Total,75-79,7356,3365,3991,3829,1104,2725,3527,2261,1266,457,228,229,1651,963,688,751,515,236,342,277,65,127,116,11,99,95,4,1,1,0,3,2,1,46,42,4,50,22,28
C2308,16,290,District - South Tripura ,Total,80+,9874,4434,5440,5519,1610,3909,4355,2824,1531,554,297,257,1834,1083,751,946,650,296,540,409,131,173,144,29,188,151,37,0,0,0,0,0,0,54,42,12,66,48,18
C2308,16,290,District - South Tripura ,Total,Age not stated,343,169,174,92,29,63,251,140,111,79,46,33,43,16,27,42,22,20,43,28,15,8,4,4,21,12,9,0,0,0,0,0,0,4,4,0,11,8,3
C2308,16,290,District - South Tripura ,Rural,All ages,752970,384787,368183,210084,87967,122117,542886,296820,246066,22546,10140,12406,166062,84682,81380,148323,78330,69993,112534,61816,50718,31420,20047,11373,43860,28685,15175,27,23,4,496,409,87,14681,11257,3424,2937,1431,1506
C2308,16,290,District - South Tripura ,Rural,0-6,100135,51240,48895,100135,51240,48895,0,0,0,0,0,0,0,0,0,0,0,0,0,0,0,0,0,0,0,0,0,0,0,0,0,0,0,0,0,0,0,0,0
C2308,16,290,District - South Tripura ,Rural,7,14541,7559,6982,2804,1466,1338,11737,6093,5644,109,66,43,11554,5985,5569,0,0,0,0,0,0,0,0,0,0,0,0,0,0,0,0,0,0,0,0,0,74,42,32
C2308,16,290,District - South Tripura ,Rural,8,15479,7826,7653,1224,596,628,14255,7230,7025,76,41,35,14156,7175,6981,0,0,0,0,0,0,0,0,0,0,0,0,0,0,0,0,0,0,0,0,0,23,14,9
C2308,16,290,District - South Tripura ,Rural,9,14901,7534,7367,769,358,411,14132,7176,6956,54,23,31,13423,6813,6610,629,324,305,0,0,0,0,0,0,0,0,0,0,0,0,0,0,0,0,0,0,26,16,10
C2308,16,290,District - South Tripura ,Rural,10,16990,8733,8257,923,436,487,16067,8297,7770,75,42,33,12985,6712,6273,2988,1532,1456,0,0,0,0,0,0,0,0,0,0,0,0,0,0,0,0,0,0,19,11,8
C2308,16,290,District - South Tripura ,Rural,11,15168,7822,7346,549,275,274,14619,7547,7072,57,29,28,6426,3360,3066,8112,4140,3972,0,0,0,0,0,0,0,0,0,0,0,0,0,0,0,0,0,0,24,18,6
C2308,16,290,District - South Tripura ,Rural,12,16689,8512,8177,571,217,354,16118,8295,7823,59,31,28,3153,1631,1522,12330,6336,5994,549,278,271,0,0,0,0,0,0,0,0,0,0,0,0,0,0,0,27,19,8
C2308,16,290,District - South Tripura ,Rural,13,15671,8008,7663,459,176,283,15212,7832,7380,73,37,36,1555,786,769,11636,6011,5625,1925,982,943,0,0,0,0,0,0,0,0,0,0,0,0,0,0,0,23,16,7
C2308,16,290,District - South Tripura ,Rural,14,15260,7850,7410,529,189,340,14731,7661,7070,86,35,51,1156,595,561,7624,4005,3619,5853,3020,2833,0,0,0,0,0,0,0,0,0,0,0,0,0,0,0,12,6,6
C2308,16,290,District - South Tripura ,Rural,15,15347,7896,7451,723,249,474,14624,7647,6977,132,56,76,1138,554,584,4735,2589,2146,7809,4038,3771,793,397,396,0,0,0,0,0,0,0,0,0,0,0,0,17,13,4
C2308,16,290,District - South Tripura ,Rural,16,15109,7905,7204,785,283,502,14324,7622,6702,155,79,76,1124,556,568,3429,1878,1551,7409,3902,3507,2179,1189,990,0,0,0,0,0,0,0,0,0,0,0,0,28,18,10
C2308,16,290,District - South Tripura ,Rural,17,13732,7365,6367,773,262,511,12959,7103,5856,156,73,83,1209,630,579,2879,1595,1284,5297,2837,2460,3400,1954,1446,0,0,0,0,0,0,0,0,0,0,0,0,18,14,4
C2308,16,290,District - South Tripura ,Rural,18,15671,7657,8014,1205,376,829,14466,7281,7185,237,89,148,1900,913,987,3405,1605,1800,4780,2305,2475,2115,1241,874,1994,1109,885,0,0,0,12,10,2,0,0,0,23,9,14
C2308,16,290,District - South Tripura ,Rural,19,14410,6747,7663,1050,284,766,13360,6463,6897,304,109,195,1719,769,950,3234,1398,1836,3889,1795,2094,1674,966,708,2502,1409,1093,1,1,0,18,11,7,0,0,0,19,5,14
C2308,16,290,District - South Tripura ,Rural,20-24,75867,37287,38580,6627,1930,4697,69240,35357,33883,1979,805,1174,10775,5047,5728,18074,8471,9603,17507,8307,9200,5491,3180,2311,13043,7992,5051,9,6,3,159,126,33,2035,1352,683,168,71,97
C2308,16,290,District - South Tripura ,Rural,25-29,69805,35715,34090,8074,2623,5451,61731,33092,28639,2417,1093,1324,11889,5608,6281,16849,8357,8492,15394,8275,7119,3890,2437,1453,8126,5141,2985,7,6,1,112,95,17,2816,1980,836,231,100,131
C2308,16,290,District - South Tripura ,Rural,30-34,56975,29989,26986,7576,2457,5119,49399,27532,21867,2160,996,1164,10667,5171,5496,12513,6421,6092,12144,6817,5327,3405,2285,1120,5808,3914,1894,3,3,0,68,54,14,2428,1789,639,203,82,121
C2308,16,290,District - South Tripura ,Rural,35-39,55232,28601,26631,9619,2987,6632,45613,25614,19999,2476,1026,1450,11688,5637,6051,10978,5749,5229,10318,6043,4275,3110,2161,949,4224,2915,1309,3,3,0,58,49,9,2448,1900,548,310,131,179
C2308,16,290,District - South Tripura ,Rural,40-44,45775,24001,21774,10219,3357,6862,35556,20644,14912,2342,960,1382,11182,5502,5680,7769,4352,3417,6806,4218,2588,2402,1841,561,2705,1971,734,3,3,0,31,29,2,1988,1627,361,328,141,187
C2308,16,290,District - South Tripura ,Rural,45-49,39318,20499,18819,10763,3693,7070,28555,16806,11749,2354,1045,1309,10637,5558,5079,6352,3698,2654,4465,2853,1612,1148,899,249,1840,1337,503,0,0,0,16,16,0,1448,1268,180,295,132,163
C2308,16,290,District - South Tripura ,Rural,50-54,30284,16260,14024,8994,3285,5709,21290,12975,8315,1915,916,999,8206,4538,3668,4883,3069,1814,3274,2230,1044,648,491,157,1345,977,368,0,0,0,8,8,0,723,619,104,288,127,161
C2308,16,290,District - South Tripura ,Rural,55-59,21898,11339,10559,7418,2455,4963,14480,8884,5596,1459,665,794,5782,3117,2665,3157,2001,1156,1957,1420,537,394,318,76,1120,906,214,1,1,0,4,3,1,397,350,47,209,103,106
C2308,16,290,District - South Tripura ,Rural,60-64,18698,9339,9359,7697,2452,5245,11001,6887,4114,1347,634,713,4763,2634,2129,2502,1701,801,1196,910,286,250,226,24,517,456,61,0,0,0,4,4,0,233,218,15,189,104,85
C2308,16,290,District - South Tripura ,Rural,65-69,14566,7132,7434,6629,2030,4599,7937,5102,2835,977,467,510,3610,2074,1536,1799,1292,507,807,643,164,206,187,19,285,251,34,0,0,0,3,2,1,85,81,4,165,105,60
C2308,16,290,District - South Tripura ,Rural,70-74,10538,5093,5445,5467,1730,3737,5071,3363,1708,677,353,324,2438,1477,961,1094,815,279,460,381,79,107,102,5,148,133,15,0,0,0,2,2,0,38,37,1,107,63,44
C2308,16,290,District - South Tripura ,Rural,75-79,6225,2869,3356,3470,1023,2447,2755,1846,909,371,187,184,1361,851,510,578,435,143,251,214,37,77,71,6,61,58,3,0,0,0,1,0,1,12,10,2,43,20,23
C2308,16,290,District - South Tripura ,Rural,80+,8417,3873,4544,4952,1512,3440,3465,2361,1104,435,244,191,1533,977,556,741,538,203,411,325,86,126,100,26,129,107,22,0,0,0,0,0,0,29,25,4,61,45,16
C2308,16,290,District - South Tripura ,Rural,Age not stated,269,136,133,80,26,54,189,110,79,64,39,25,33,12,21,33,18,15,33,23,10,5,2,3,13,9,4,0,0,0,0,0,0,1,1,0,7,6,1
C2308,16,290,District - South Tripura ,Urban,All ages,123031,62757,60274,19107,8495,10612,103924,54262,49662,6467,3136,3331,19122,8902,10220,20879,10108,10771,22791,11763,11028,7609,4248,3361,15835,8812,7023,31,27,4,484,393,91,10423,6745,3678,283,128,155
C2308,16,290,District - South Tripura ,Urban,0-6,11814,6142,5672,11814,6142,5672,0,0,0,0,0,0,0,0,0,0,0,0,0,0,0,0,0,0,0,0,0,0,0,0,0,0,0,0,0,0,0,0,0
C2308,16,290,District - South Tripura ,Urban,7,1720,866,854,166,82,84,1554,784,770,41,23,18,1503,759,744,0,0,0,0,0,0,0,0,0,0,0,0,0,0,0,0,0,0,0,0,0,10,2,8
C2308,16,290,District - South Tripura ,Urban,8,1777,910,867,46,25,21,1731,885,846,28,15,13,1701,868,833,0,0,0,0,0,0,0,0,0,0,0,0,0,0,0,0,0,0,0,0,0,2,2,0
C2308,16,290,District - South Tripura ,Urban,9,1853,971,882,39,20,19,1814,951,863,46,24,22,1722,901,821,44,25,19,0,0,0,0,0,0,0,0,0,0,0,0,0,0,0,0,0,0,2,1,1
C2308,16,290,District - South Tripura ,Urban,10,1959,1008,951,45,25,20,1914,983,931,35,24,11,1466,755,711,411,204,207,0,0,0,0,0,0,0,0,0,0,0,0,0,0,0,0,0,0,2,0,2
C2308,16,290,District - South Tripura ,Urban,11,1864,971,893,32,18,14,1832,953,879,34,19,15,475,261,214,1321,672,649,0,0,0,0,0,0,0,0,0,0,0,0,0,0,0,0,0,0,2,1,1
C2308,16,290,District - South Tripura ,Urban,12,1913,990,923,25,17,8,1888,973,915,36,13,23,159,89,70,1628,843,785,64,28,36,0,0,0,0,0,0,0,0,0,0,0,0,0,0,0,1,0,1
C2308,16,290,District - South Tripura ,Urban,13,1922,943,979,18,13,5,1904,930,974,25,13,12,82,44,38,1449,706,743,347,166,181,0,0,0,0,0,0,0,0,0,0,0,0,0,0,0,1,1,0
C2308,16,290,District - South Tripura ,Urban,14,1917,947,970,23,9,14,1894,938,956,44,26,18,73,42,31,709,349,360,1067,521,546,0,0,0,0,0,0,0,0,0,0,0,0,0,0,0,1,0,1
C2308,16,290,District - South Tripura ,Urban,15,1865,951,914,29,15,14,1836,936,900,41,13,28,60,36,24,386,191,195,1173,613,560,174,82,92,0,0,0,0,0,0,0,0,0,0,0,0,2,1,1
C2308,16,290,District - South Tripura ,Urban,16,2118,1048,1070,36,17,19,2082,1031,1051,43,21,22,70,36,34,319,166,153,1079,515,564,570,293,277,0,0,0,0,0,0,0,0,0,0,0,0,1,0,1
C2308,16,290,District - South Tripura ,Urban,17,2072,1077,995,34,18,16,2038,1059,979,55,28,27,93,48,45,281,157,124,662,339,323,943,487,456,0,0,0,0,0,0,0,0,0,0,0,0,4,0,4
C2308,16,290,District - South Tripura ,Urban,18,2177,1093,1084,50,15,35,2127,1078,1049,60,29,31,140,77,63,341,183,158,582,267,315,444,215,229,549,298,251,0,0,0,8,7,1,0,0,0,3,2,1
C2308,16,290,District - South Tripura ,Urban,19,2282,1131,1151,47,17,30,2235,1114,1121,90,40,50,158,72,86,350,166,184,504,240,264,275,148,127,827,429,398,2,1,1,26,18,8,0,0,0,3,0,3
C2308,16,290,District - South Tripura ,Urban,20-24,11928,5845,6083,300,130,170,11628,5715,5913,544,252,292,979,478,501,2123,1000,1123,2512,1112,1400,853,428,425,3314,1725,1589,7,6,1,141,98,43,1132,607,525,23,9,14
C2308,16,290,District - South Tripura ,Urban,25-29,11602,5979,5623,378,158,220,11224,5821,5403,724,349,375,1131,541,590,2008,948,1060,2590,1315,1275,777,420,357,2353,1286,1067,6,5,1,76,58,18,1548,892,656,11,7,4
C2308,16,290,District - South Tripura ,Urban,30-34,10272,5242,5030,333,127,206,9939,5115,4824,658,310,348,1066,484,582,1662,758,904,2479,1223,1256,769,441,328,1952,1065,887,4,4,0,60,52,8,1273,771,502,16,7,9
C2308,16,290,District - South Tripura ,Urban,35-39,10850,5450,5400,549,170,379,10301,5280,5021,749,374,375,1334,545,789,1716,793,923,2563,1311,1252,732,403,329,1590,878,712,2,1,1,56,50,6,1533,917,616,26,8,18
C2308,16,290,District - South Tripura ,Urban,40-44,9603,4937,4666,614,212,402,8989,4725,4264,704,338,366,1410,573,837,1357,636,721,2076,1088,988,674,417,257,1248,655,593,6,6,0,32,32,0,1458,969,489,24,11,13
C2308,16,290,District - South Tripura ,Urban,45-49,8651,4422,4229,716,245,471,7935,4177,3758,651,310,341,1363,581,782,1262,600,662,1695,915,780,449,247,202,1149,579,570,2,2,0,28,24,4,1311,911,400,25,8,17
C2308,16,290,District - South Tripura ,Urban,50-54,6909,3739,3170,656,235,421,6253,3504,2749,589,294,295,1072,496,576,1074,530,544,1261,740,521,309,178,131,1047,599,448,0,0,0,23,21,2,851,630,221,27,16,11
C2308,16,290,District - South Tripura ,Urban,55-59,5202,2835,2367,599,179,420,4603,2656,1947,427,219,208,787,324,463,735,350,385,858,527,331,195,127,68,935,618,317,1,1,0,12,11,1,633,467,166,20,12,8
C2308,16,290,District - South Tripura ,Urban,60-64,3652,1995,1657,574,164,410,3078,1831,1247,285,144,141,673,266,407,540,269,271,549,353,196,133,95,38,469,351,118,0,0,0,9,9,0,396,332,64,24,12,12
C2308,16,290,District - South Tripura ,Urban,65-69,2606,1311,1295,561,149,412,2045,1162,883,202,102,100,550,217,333,462,225,237,308,198,110,140,110,30,201,161,40,0,0,0,5,5,0,161,136,25,16,8,8
C2308,16,290,District - South Tripura ,Urban,70-74,1841,864,977,485,111,374,1356,753,603,136,55,81,454,187,267,314,141,173,192,140,52,72,66,6,96,84,12,0,0,0,6,6,0,65,61,4,21,13,8
C2308,16,290,District - South Tripura ,Urban,75-79,1131,496,635,359,81,278,772,415,357,86,41,45,290,112,178,173,80,93,91,63,28,50,45,5,38,37,1,1,1,0,2,2,0,34,32,2,7,2,5
C2308,16,290,District - South Tripura ,Urban,80+,1457,561,896,567,98,469,890,463,427,119,53,66,301,106,195,205,112,93,129,84,45,47,44,3,59,44,15,0,0,0,0,0,0,25,17,8,5,3,2
C2308,16,290,District - South Tripura ,Urban,Age not stated,74,33,41,12,3,9,62,30,32,15,7,8,10,4,6,9,4,5,10,5,5,3,2,1,8,3,5,0,0,0,0,0,0,3,3,0,4,2,2
C2308,16,291,District - Dhalai,Total,All ages,378230,194544,183686,102013,42901,59112,276217,151643,124574,30803,13936,16867,80594,41647,38947,66177,36559,29618,53150,30509,22641,17888,11255,6633,19475,12262,7213,25,17,8,275,224,51,7107,4842,2265,723,392,331
C2308,16,291,District - Dhalai,Total,0-6,56011,28460,27551,56011,28460,27551,0,0,0,0,0,0,0,0,0,0,0,0,0,0,0,0,0,0,0,0,0,0,0,0,0,0,0,0,0,0,0,0,0
C2308,16,291,District - Dhalai,Total,7,8382,4306,4076,1434,709,725,6948,3597,3351,96,50,46,6835,3536,3299,0,0,0,0,0,0,0,0,0,0,0,0,0,0,0,0,0,0,0,0,0,17,11,6
C2308,16,291,District - Dhalai,Total,8,8487,4287,4200,676,325,351,7811,3962,3849,45,18,27,7756,3939,3817,0,0,0,0,0,0,0,0,0,0,0,0,0,0,0,0,0,0,0,0,0,10,5,5
C2308,16,291,District - Dhalai,Total,9,8051,4080,3971,506,210,296,7545,3870,3675,57,31,26,7079,3613,3466,402,221,181,0,0,0,0,0,0,0,0,0,0,0,0,0,0,0,0,0,0,7,5,2
C2308,16,291,District - Dhalai,Total,10,8867,4508,4359,632,268,364,8235,4240,3995,72,40,32,6402,3268,3134,1756,930,826,0,0,0,0,0,0,0,0,0,0,0,0,0,0,0,0,0,0,5,2,3
C2308,16,291,District - Dhalai,Total,11,8162,4234,3928,431,149,282,7731,4085,3646,81,37,44,3344,1800,1544,4293,2239,2054,0,0,0,0,0,0,0,0,0,0,0,0,0,0,0,0,0,0,13,9,4
C2308,16,291,District - Dhalai,Total,12,8511,4413,4098,421,156,265,8090,4257,3833,80,31,49,1828,948,880,5792,3069,2723,379,205,174,0,0,0,0,0,0,0,0,0,0,0,0,0,0,0,11,4,7
C2308,16,291,District - Dhalai,Total,13,7905,4127,3778,349,123,226,7556,4004,3552,130,44,86,980,487,493,5191,2828,2363,1243,634,609,0,0,0,0,0,0,0,0,0,0,0,0,0,0,0,12,11,1
C2308,16,291,District - Dhalai,Total,14,7479,3871,3608,354,122,232,7125,3749,3376,161,79,82,737,354,383,3147,1717,1430,3068,1594,1474,0,0,0,0,0,0,0,0,0,0,0,0,0,0,0,12,5,7
C2308,16,291,District - Dhalai,Total,15,7803,4063,3740,435,142,293,7368,3921,3447,207,86,121,730,381,349,2140,1186,954,3762,2001,1761,520,260,260,0,0,0,0,0,0,0,0,0,0,0,0,9,7,2
C2308,16,291,District - Dhalai,Total,16,7391,3913,3478,408,102,306,6983,3811,3172,289,116,173,732,369,363,1450,850,600,3329,1847,1482,1171,625,546,0,0,0,0,0,0,0,0,0,0,0,0,12,4,8
C2308,16,291,District - Dhalai,Total,17,6946,3636,3310,470,142,328,6476,3494,2982,284,125,159,678,331,347,1257,731,526,2577,1401,1176,1672,901,771,0,0,0,0,0,0,0,0,0,0,0,0,8,5,3
C2308,16,291,District - Dhalai,Total,18,8074,3953,4121,675,158,517,7399,3795,3604,468,198,270,976,448,528,1502,755,747,2415,1250,1165,1124,638,486,897,495,402,0,0,0,3,3,0,0,0,0,14,8,6
C2308,16,291,District - Dhalai,Total,19,7137,3299,3838,605,141,464,6532,3158,3374,496,167,329,873,385,488,1357,610,747,1832,908,924,862,485,377,1086,586,500,0,0,0,14,10,4,0,0,0,12,7,5
C2308,16,291,District - Dhalai,Total,20-24,37906,18533,19373,3664,872,2792,34242,17661,16581,3109,1163,1946,5333,2375,2958,7441,3790,3651,8342,4461,3881,3296,1887,1409,5341,3227,2114,10,6,4,79,58,21,1198,655,543,93,39,54
C2308,16,291,District - Dhalai,Total,25-29,35174,18107,17067,4148,1136,3012,31026,16971,14055,3890,1706,2184,5778,2833,2945,7041,3775,3266,6974,4061,2913,2303,1484,819,3460,2151,1309,4,2,2,49,35,14,1448,879,569,79,45,34
C2308,16,291,District - Dhalai,Total,30-34,28117,14815,13302,3421,985,2436,24696,13830,10866,3279,1440,1839,4934,2498,2436,5194,2790,2404,5692,3493,2199,1910,1284,626,2494,1556,938,3,3,0,41,32,9,1079,702,377,70,32,38
C2308,16,291,District - Dhalai,Total,35-39,27011,14301,12710,3647,1083,2564,23364,13218,10146,3604,1623,1981,5037,2687,2350,4980,2776,2204,4752,2737,2015,1853,1282,571,2049,1332,717,0,0,0,39,37,2,978,697,281,72,47,25
C2308,16,291,District - Dhalai,Total,40-44,21904,11835,10069,3479,1061,2418,18425,10774,7651,3174,1404,1770,4526,2307,2219,3498,2031,1467,3224,2063,1161,1579,1241,338,1438,998,440,5,5,0,21,20,1,909,687,222,51,18,33
C2308,16,291,District - Dhalai,Total,45-49,18516,9718,8798,3539,1096,2443,14977,8622,6355,3161,1408,1753,4284,2286,1998,2900,1733,1167,2158,1419,739,729,535,194,1014,675,339,2,1,1,15,15,0,665,522,143,49,28,21
C2308,16,291,District - Dhalai,Total,50-54,13895,7410,6485,3284,1107,2177,10611,6303,4308,2263,1110,1153,3280,1827,1453,2190,1353,837,1391,949,442,365,251,114,681,466,215,0,0,0,4,4,0,393,318,75,44,25,19
C2308,16,291,District - Dhalai,Total,55-59,9972,5245,4727,2765,904,1861,7207,4341,2866,1711,852,859,2292,1284,1008,1464,963,501,769,525,244,188,132,56,527,381,146,0,0,0,3,3,0,214,183,31,39,18,21
C2308,16,291,District - Dhalai,Total,60-64,9033,4571,4462,3204,1013,2191,5829,3558,2271,1493,759,734,2080,1180,900,1198,812,386,513,369,144,110,80,30,269,217,52,0,0,0,4,4,0,129,113,16,33,24,9
C2308,16,291,District - Dhalai,Total,65-69,6600,3368,3232,2567,833,1734,4033,2535,1498,1028,545,483,1617,965,652,834,575,259,301,241,60,73,62,11,108,87,21,1,0,1,3,3,0,50,45,5,18,12,6
C2308,16,291,District - Dhalai,Total,70-74,4663,2415,2248,1973,667,1306,2690,1748,942,783,441,342,1099,681,418,503,361,142,178,157,21,43,38,5,47,40,7,0,0,0,0,0,0,24,23,1,13,7,6
C2308,16,291,District - Dhalai,Total,75-79,2568,1281,1287,1150,350,800,1418,931,487,361,197,164,611,385,226,277,206,71,95,76,19,35,31,4,20,19,1,0,0,0,0,0,0,8,8,0,11,9,2
C2308,16,291,District - Dhalai,Total,80+,3538,1720,1818,1730,568,1162,1808,1152,656,444,238,206,761,473,288,357,252,105,145,111,34,47,37,10,38,29,9,0,0,0,0,0,0,9,8,1,7,4,3
C2308,16,291,District - Dhalai,Total,Age not stated,127,75,52,35,19,16,92,56,36,37,28,9,12,7,5,13,6,7,11,7,4,8,2,6,6,3,3,0,0,0,0,0,0,3,2,1,2,1,1
C2308,16,291,District - Dhalai,Rural,All ages,337731,173773,163958,95913,40133,55780,241818,133640,108178,28720,13016,15704,73220,38076,35144,58952,32987,25965,45960,26743,19217,14940,9559,5381,14465,9427,5038,18,12,6,161,129,32,4713,3325,1388,669,366,303
C2308,16,291,District - Dhalai,Rural,0-6,51571,26196,25375,51571,26196,25375,0,0,0,0,0,0,0,0,0,0,0,0,0,0,0,0,0,0,0,0,0,0,0,0,0,0,0,0,0,0,0,0,0
C2308,16,291,District - Dhalai,Rural,7,7673,3940,3733,1377,681,696,6296,3259,3037,85,46,39,6196,3203,2993,0,0,0,0,0,0,0,0,0,0,0,0,0,0,0,0,0,0,0,0,0,15,10,5
C2308,16,291,District - Dhalai,Rural,8,7731,3901,3830,652,312,340,7079,3589,3490,42,17,25,7027,3567,3460,0,0,0,0,0,0,0,0,0,0,0,0,0,0,0,0,0,0,0,0,0,10,5,5
C2308,16,291,District - Dhalai,Rural,9,7399,3756,3643,488,201,287,6911,3555,3356,51,27,24,6471,3308,3163,383,216,167,0,0,0,0,0,0,0,0,0,0,0,0,0,0,0,0,0,0,6,4,2
C2308,16,291,District - Dhalai,Rural,10,8188,4154,4034,615,260,355,7573,3894,3679,71,40,31,5941,3024,2917,1557,828,729,0,0,0,0,0,0,0,0,0,0,0,0,0,0,0,0,0,0,4,2,2
C2308,16,291,District - Dhalai,Rural,11,7451,3870,3581,418,145,273,7033,3725,3308,74,31,43,3152,1678,1474,3795,2008,1787,0,0,0,0,0,0,0,0,0,0,0,0,0,0,0,0,0,0,12,8,4
C2308,16,291,District - Dhalai,Rural,12,7821,4088,3733,409,149,260,7412,3939,3473,75,29,46,1766,912,854,5210,2798,2412,351,197,154,0,0,0,0,0,0,0,0,0,0,0,0,0,0,0,10,3,7
C2308,16,291,District - Dhalai,Rural,13,7252,3789,3463,346,121,225,6906,3668,3238,127,42,85,949,469,480,4722,2576,2146,1097,571,526,0,0,0,0,0,0,0,0,0,0,0,0,0,0,0,11,10,1
C2308,16,291,District - Dhalai,Rural,14,6838,3530,3308,347,116,231,6491,3414,3077,153,73,80,706,337,369,2947,1608,1339,2673,1391,1282,0,0,0,0,0,0,0,0,0,0,0,0,0,0,0,12,5,7
C2308,16,291,District - Dhalai,Rural,15,7162,3757,3405,427,140,287,6735,3617,3118,200,83,117,707,370,337,2031,1122,909,3347,1805,1542,441,230,211,0,0,0,0,0,0,0,0,0,0,0,0,9,7,2
C2308,16,291,District - Dhalai,Rural,16,6719,3581,3138,401,100,301,6318,3481,2837,281,113,168,695,347,348,1359,806,553,2983,1679,1304,989,532,457,0,0,0,0,0,0,0,0,0,0,0,0,11,4,7
C2308,16,291,District - Dhalai,Rural,17,6241,3273,2968,460,138,322,5781,3135,2646,272,118,154,642,317,325,1170,684,486,2356,1285,1071,1334,727,607,0,0,0,0,0,0,0,0,0,0,0,0,7,4,3
C2308,16,291,District - Dhalai,Rural,18,7290,3570,3720,662,154,508,6628,3416,3212,441,181,260,922,426,496,1369,683,686,2213,1161,1052,955,558,397,713,397,316,0,0,0,2,2,0,0,0,0,13,8,5
C2308,16,291,District - Dhalai,Rural,19,6368,2925,3443,596,136,460,5772,2789,2983,467,154,313,814,352,462,1248,565,683,1638,819,819,738,416,322,850,472,378,0,0,0,7,6,1,0,0,0,10,5,5
C2308,16,291,District - Dhalai,Rural,20-24,33957,16604,17353,3609,854,2755,30348,15750,14598,2924,1084,1840,4946,2188,2758,6757,3466,3291,7466,4041,3425,2956,1714,1242,4286,2681,1605,5,3,2,47,35,12,878,504,374,83,34,49
C2308,16,291,District - Dhalai,Rural,25-29,31182,16119,15063,4047,1099,2948,27135,15020,12115,3617,1578,2039,5259,2603,2656,6288,3425,2863,6134,3639,2495,1987,1315,672,2701,1734,967,3,1,2,29,21,8,1046,662,384,71,42,29
C2308,16,291,District - Dhalai,Rural,30-34,24585,13015,11570,3339,959,2380,21246,12056,9190,3065,1336,1729,4464,2289,2175,4594,2510,2084,4848,3050,1798,1578,1092,486,1854,1210,644,3,3,0,29,21,8,746,516,230,65,29,36
C2308,16,291,District - Dhalai,Rural,35-39,23447,12430,11017,3542,1051,2491,19905,11379,8526,3368,1516,1852,4500,2422,2078,4370,2481,1889,3978,2334,1644,1509,1079,430,1446,1004,442,0,0,0,22,20,2,643,478,165,69,45,24
C2308,16,291,District - Dhalai,Rural,40-44,18887,10108,8779,3366,1024,2342,15521,9084,6437,2962,1313,1649,4011,2061,1950,3028,1792,1236,2623,1702,921,1265,1001,264,1004,731,273,5,5,0,12,11,1,561,450,111,50,18,32
C2308,16,291,District - Dhalai,Rural,45-49,16013,8445,7568,3401,1049,2352,12612,7396,5216,2934,1324,1610,3829,2105,1724,2481,1525,956,1694,1166,528,577,438,139,643,471,172,1,0,1,4,4,0,403,337,66,46,26,20
C2308,16,291,District - Dhalai,Rural,50-54,11947,6356,5591,3147,1075,2072,8800,5281,3519,2110,1044,1066,2885,1645,1240,1808,1162,646,1064,747,317,273,195,78,406,286,120,0,0,0,2,2,0,211,176,35,41,24,17
C2308,16,291,District - Dhalai,Rural,55-59,8613,4480,4133,2657,874,1783,5956,3606,2350,1578,796,782,2018,1151,867,1233,831,402,570,411,159,128,93,35,287,213,74,0,0,0,2,2,0,103,91,12,37,18,19
C2308,16,291,District - Dhalai,Rural,60-64,7958,4005,3953,3049,968,2081,4909,3037,1872,1392,721,671,1815,1053,762,991,707,284,388,286,102,70,55,15,149,125,24,0,0,0,2,2,0,70,64,6,32,24,8
C2308,16,291,District - Dhalai,Rural,65-69,5874,3012,2862,2453,803,1650,3421,2209,1212,964,516,448,1411,881,530,672,489,183,216,190,26,49,43,6,60,50,10,1,0,1,3,3,0,29,26,3,16,11,5
C2308,16,291,District - Dhalai,Rural,70-74,4128,2155,1973,1846,638,1208,2282,1517,765,720,414,306,935,600,335,419,318,101,128,117,11,28,25,3,28,24,4,0,0,0,0,0,0,13,12,1,11,7,4
C2308,16,291,District - Dhalai,Rural,75-79,2239,1126,1113,1077,336,741,1162,790,372,325,185,140,512,340,172,214,169,45,70,59,11,21,19,2,5,5,0,0,0,0,0,0,0,4,4,0,11,9,2
C2308,16,291,District - Dhalai,Rural,80+,3079,1516,1563,1576,535,1041,1503,981,522,389,208,181,636,421,215,293,212,81,112,86,26,35,25,10,27,21,6,0,0,0,0,0,0,4,4,0,7,4,3
C2308,16,291,District - Dhalai,Rural,Age not stated,118,72,46,35,19,16,83,53,30,33,27,6,11,7,4,13,6,7,11,7,4,7,2,5,6,3,3,0,0,0,0,0,0,2,1,1,0,0,0
C2308,16,291,District - Dhalai,Urban,All ages,40499,20771,19728,6100,2768,3332,34399,18003,16396,2083,920,1163,7374,3571,3803,7225,3572,3653,7190,3766,3424,2948,1696,1252,5010,2835,2175,7,5,2,114,95,19,2394,1517,877,54,26,28
C2308,16,291,District - Dhalai,Urban,0-6,4440,2264,2176,4440,2264,2176,0,0,0,0,0,0,0,0,0,0,0,0,0,0,0,0,0,0,0,0,0,0,0,0,0,0,0,0,0,0,0,0,0
C2308,16,291,District - Dhalai,Urban,7,709,366,343,57,28,29,652,338,314,11,4,7,639,333,306,0,0,0,0,0,0,0,0,0,0,0,0,0,0,0,0,0,0,0,0,0,2,1,1
C2308,16,291,District - Dhalai,Urban,8,756,386,370,24,13,11,732,373,359,3,1,2,729,372,357,0,0,0,0,0,0,0,0,0,0,0,0,0,0,0,0,0,0,0,0,0,0,0,0
C2308,16,291,District - Dhalai,Urban,9,652,324,328,18,9,9,634,315,319,6,4,2,608,305,303,19,5,14,0,0,0,0,0,0,0,0,0,0,0,0,0,0,0,0,0,0,1,1,0
C2308,16,291,District - Dhalai,Urban,10,679,354,325,17,8,9,662,346,316,1,0,1,461,244,217,199,102,97,0,0,0,0,0,0,0,0,0,0,0,0,0,0,0,0,0,0,1,0,1
C2308,16,291,District - Dhalai,Urban,11,711,364,347,13,4,9,698,360,338,7,6,1,192,122,70,498,231,267,0,0,0,0,0,0,0,0,0,0,0,0,0,0,0,0,0,0,1,1,0
C2308,16,291,District - Dhalai,Urban,12,690,325,365,12,7,5,678,318,360,5,2,3,62,36,26,582,271,311,28,8,20,0,0,0,0,0,0,0,0,0,0,0,0,0,0,0,1,1,0
C2308,16,291,District - Dhalai,Urban,13,653,338,315,3,2,1,650,336,314,3,2,1,31,18,13,469,252,217,146,63,83,0,0,0,0,0,0,0,0,0,0,0,0,0,0,0,1,1,0
C2308,16,291,District - Dhalai,Urban,14,641,341,300,7,6,1,634,335,299,8,6,2,31,17,14,200,109,91,395,203,192,0,0,0,0,0,0,0,0,0,0,0,0,0,0,0,0,0,0
C2308,16,291,District - Dhalai,Urban,15,641,306,335,8,2,6,633,304,329,7,3,4,23,11,12,109,64,45,415,196,219,79,30,49,0,0,0,0,0,0,0,0,0,0,0,0,0,0,0
C2308,16,291,District - Dhalai,Urban,16,672,332,340,7,2,5,665,330,335,8,3,5,37,22,15,91,44,47,346,168,178,182,93,89,0,0,0,0,0,0,0,0,0,0,0,0,1,0,1
C2308,16,291,District - Dhalai,Urban,17,705,363,342,10,4,6,695,359,336,12,7,5,36,14,22,87,47,40,221,116,105,338,174,164,0,0,0,0,0,0,0,0,0,0,0,0,1,1,0
C2308,16,291,District - Dhalai,Urban,18,784,383,401,13,4,9,771,379,392,27,17,10,54,22,32,133,72,61,202,89,113,169,80,89,184,98,86,0,0,0,1,1,0,0,0,0,1,0,1
C2308,16,291,District - Dhalai,Urban,19,769,374,395,9,5,4,760,369,391,29,13,16,59,33,26,109,45,64,194,89,105,124,69,55,236,114,122,0,0,0,7,4,3,0,0,0,2,2,0
C2308,16,291,District - Dhalai,Urban,20-24,3949,1929,2020,55,18,37,3894,1911,1983,185,79,106,387,187,200,684,324,360,876,420,456,340,173,167,1055,546,509,5,3,2,32,23,9,320,151,169,10,5,5
C2308,16,291,District - Dhalai,Urban,25-29,3992,1988,2004,101,37,64,3891,1951,1940,273,128,145,519,230,289,753,350,403,840,422,418,316,169,147,759,417,342,1,1,0,20,14,6,402,217,185,8,3,5
C2308,16,291,District - Dhalai,Urban,30-34,3532,1800,1732,82,26,56,3450,1774,1676,214,104,110,470,209,261,600,280,320,844,443,401,332,192,140,640,346,294,0,0,0,12,11,1,333,186,147,5,3,2
C2308,16,291,District - Dhalai,Urban,35-39,3564,1871,1693,105,32,73,3459,1839,1620,236,107,129,537,265,272,610,295,315,774,403,371,344,203,141,603,328,275,0,0,0,17,17,0,335,219,116,3,2,1
C2308,16,291,District - Dhalai,Urban,40-44,3017,1727,1290,113,37,76,2904,1690,1214,212,91,121,515,246,269,470,239,231,601,361,240,314,240,74,434,267,167,0,0,0,9,9,0,348,237,111,1,0,1
C2308,16,291,District - Dhalai,Urban,45-49,2503,1273,1230,138,47,91,2365,1226,1139,227,84,143,455,181,274,419,208,211,464,253,211,152,97,55,371,204,167,1,1,0,11,11,0,262,185,77,3,2,1
C2308,16,291,District - Dhalai,Urban,50-54,1948,1054,894,137,32,105,1811,1022,789,153,66,87,395,182,213,382,191,191,327,202,125,92,56,36,275,180,95,0,0,0,2,2,0,182,142,40,3,1,2
C2308,16,291,District - Dhalai,Urban,55-59,1359,765,594,108,30,78,1251,735,516,133,56,77,274,133,141,231,132,99,199,114,85,60,39,21,240,168,72,0,0,0,1,1,0,111,92,19,2,0,2
C2308,16,291,District - Dhalai,Urban,60-64,1075,566,509,155,45,110,920,521,399,101,38,63,265,127,138,207,105,102,125,83,42,40,25,15,120,92,28,0,0,0,2,2,0,59,49,10,1,0,1
C2308,16,291,District - Dhalai,Urban,65-69,726,356,370,114,30,84,612,326,286,64,29,35,206,84,122,162,86,76,85,51,34,24,19,5,48,37,11,0,0,0,0,0,0,21,19,2,2,1,1
C2308,16,291,District - Dhalai,Urban,70-74,535,260,275,127,29,98,408,231,177,63,27,36,164,81,83,84,43,41,50,40,10,15,13,2,19,16,3,0,0,0,0,0,0,11,11,0,2,0,2
C2308,16,291,District - Dhalai,Urban,75-79,329,155,174,73,14,59,256,141,115,36,12,24,99,45,54,63,37,26,25,17,8,14,12,2,15,14,1,0,0,0,0,0,0,4,4,0,0,0,0
C2308,16,291,District - Dhalai,Urban,80+,459,204,255,154,33,121,305,171,134,55,30,25,125,52,73,64,40,24,33,25,8,12,12,0,11,8,3,0,0,0,0,0,0,5,4,1,0,0,0
C2308,16,291,District - Dhalai,Urban,Age not stated,9,3,6,0,0,0,9,3,6,4,1,3,1,0,1,0,0,0,0,0,0,1,0,1,0,0,0,0,0,0,0,0,0,1,1,0,2,1,1
C2308,16,292,District - North Tripura,Total,All ages,693947,352860,341087,173545,77214,96331,520402,275646,244756,35733,17282,18451,153126,77474,75652,132424,70202,62222,101703,54443,47260,36277,19959,16318,40636,23145,17491,34,29,5,661,526,135,18777,12048,6729,1031,538,493
C2308,16,292,District - North Tripura,Total,0-6,99204,50379,48825,99204,50379,48825,0,0,0,0,0,0,0,0,0,0,0,0,0,0,0,0,0,0,0,0,0,0,0,0,0,0,0,0,0,0,0,0,0
C2308,16,292,District - North Tripura,Total,7,13707,6931,6776,2658,1334,1324,11049,5597,5452,263,141,122,10754,5439,5315,0,0,0,0,0,0,0,0,0,0,0,0,0,0,0,0,0,0,0,0,0,32,17,15
C2308,16,292,District - North Tripura,Total,8,13920,7096,6824,1239,603,636,12681,6493,6188,204,106,98,12461,6375,6086,0,0,0,0,0,0,0,0,0,0,0,0,0,0,0,0,0,0,0,0,0,16,12,4
C2308,16,292,District - North Tripura,Total,9,13864,7051,6813,875,431,444,12989,6620,6369,168,91,77,12148,6198,5950,657,323,334,0,0,0,0,0,0,0,0,0,0,0,0,0,0,0,0,0,0,16,8,8
C2308,16,292,District - North Tripura,Total,10,15137,7798,7339,1011,501,510,14126,7297,6829,227,132,95,11012,5687,5325,2879,1473,1406,0,0,0,0,0,0,0,0,0,0,0,0,0,0,0,0,0,0,8,5,3
C2308,16,292,District - North Tripura,Total,11,14142,7152,6990,634,293,341,13508,6859,6649,185,102,83,5737,2958,2779,7571,3791,3780,0,0,0,0,0,0,0,0,0,0,0,0,0,0,0,0,0,0,15,8,7
C2308,16,292,District - North Tripura,Total,12,15303,7824,7479,682,303,379,14621,7521,7100,197,96,101,3250,1713,1537,10619,5443,5176,538,260,278,0,0,0,0,0,0,0,0,0,0,0,0,0,0,0,17,9,8
C2308,16,292,District - North Tripura,Total,13,13748,6962,6786,576,256,320,13172,6706,6466,206,110,96,1805,954,851,9189,4665,4524,1960,970,990,0,0,0,0,0,0,0,0,0,0,0,0,0,0,0,12,7,5
C2308,16,292,District - North Tripura,Total,14,13633,6884,6749,638,299,339,12995,6585,6410,236,122,114,1425,738,687,6406,3332,3074,4915,2388,2527,0,0,0,0,0,0,0,0,0,0,0,0,0,0,0,13,5,8
C2308,16,292,District - North Tripura,Total,15,13689,6974,6715,815,325,490,12874,6649,6225,293,146,147,1442,771,671,4226,2274,1952,5979,2991,2988,922,459,463,0,0,0,0,0,0,0,0,0,0,0,0,12,8,4
C2308,16,292,District - North Tripura,Total,16,13666,6928,6738,760,316,444,12906,6612,6294,376,191,185,1394,768,626,3100,1720,1380,5743,2850,2893,2281,1076,1205,0,0,0,0,0,0,0,0,0,0,0,0,12,7,5
C2308,16,292,District - North Tripura,Total,17,13099,6993,6106,689,280,409,12410,6713,5697,445,238,207,1457,828,629,2650,1502,1148,4459,2339,2120,3383,1797,1586,0,0,0,0,0,0,0,0,0,0,0,0,16,9,7
C2308,16,292,District - North Tripura,Total,18,15072,7557,7515,1127,394,733,13945,7163,6782,703,348,355,2058,1059,999,3064,1654,1410,4092,2013,2079,2191,1127,1064,1803,938,865,1,1,0,10,8,2,0,0,0,23,15,8
C2308,16,292,District - North Tripura,Total,19,13083,6256,6827,886,264,622,12197,5992,6205,658,295,363,1744,855,889,2576,1282,1294,3244,1540,1704,1672,819,853,2261,1173,1088,1,1,0,21,14,7,0,0,0,20,13,7
C2308,16,292,District - North Tripura,Total,20-24,71045,34716,36329,5714,1974,3740,65331,32742,32589,4435,2038,2397,11259,5428,5831,15150,7743,7407,14897,7360,7537,6317,3183,3134,10436,5478,4958,4,3,1,144,101,43,2541,1339,1202,148,69,79
C2308,16,292,District - North Tripura,Total,25-29,62566,31418,31148,5984,2048,3936,56582,29370,27212,4862,2279,2583,11191,5431,5760,13274,7041,6233,13017,6914,6103,4571,2420,2151,6252,3393,2859,8,6,2,133,113,20,3182,1729,1453,92,44,48
C2308,16,292,District - North Tripura,Total,30-34,51155,26163,24992,5204,1888,3316,45951,24275,21676,3958,1877,2081,9696,4840,4856,10429,5506,4923,10692,5713,4979,3683,1959,1724,4790,2748,2042,5,5,0,97,81,16,2523,1504,1019,78,42,36
C2308,16,292,District - North Tripura,Total,35-39,49389,25196,24193,5884,2075,3809,43505,23121,20384,3886,1819,2067,10095,4903,5192,9628,5059,4569,9782,5318,4464,3609,2111,1498,3803,2204,1599,7,7,0,50,46,4,2565,1616,949,80,38,42
C2308,16,292,District - North Tripura,Total,40-44,42161,21795,20366,6060,2060,4000,36101,19735,16366,3499,1649,1850,9562,4669,4893,7416,3902,3514,7239,4238,3001,2779,1745,1034,3132,1847,1285,1,1,0,48,39,9,2327,1594,733,98,51,47
C2308,16,292,District - North Tripura,Total,45-49,35903,18843,17060,6071,2240,3831,29832,16603,13229,2959,1423,1536,8875,4485,4390,6266,3357,2909,5183,3030,2153,1819,1186,633,2532,1544,988,1,1,0,39,31,8,2085,1512,573,73,34,39
C2308,16,292,District - North Tripura,Total,50-54,28970,15434,13536,5814,2166,3648,23156,13268,9888,2440,1227,1213,7162,3697,3465,5165,2937,2228,3819,2391,1428,1083,694,389,2039,1264,775,2,2,0,38,29,9,1343,993,350,65,34,31
C2308,16,292,District - North Tripura,Total,55-59,20537,10923,9614,4576,1651,2925,15961,9272,6689,1580,809,771,5027,2593,2434,3540,2026,1514,2394,1504,890,757,500,257,1672,1108,564,1,0,1,20,13,7,926,699,227,44,20,24
C2308,16,292,District - North Tripura,Total,60-64,17653,9073,8580,4870,1605,3265,12783,7468,5315,1389,706,683,4569,2267,2302,2948,1726,1222,1614,1108,506,482,333,149,982,697,285,2,1,1,33,27,6,710,575,135,54,28,26
C2308,16,292,District - North Tripura,Total,65-69,12482,6316,6166,3743,1139,2604,8739,5177,3562,964,500,464,3387,1757,1630,2246,1323,923,983,694,289,318,234,84,479,372,107,1,1,0,9,8,1,317,262,55,35,26,9
C2308,16,292,District - North Tripura,Total,70-74,9335,4760,4575,3275,1046,2229,6060,3714,2346,736,392,344,2602,1450,1152,1595,1013,582,553,388,165,179,139,40,214,185,29,0,0,0,12,11,1,145,122,23,24,14,10
C2308,16,292,District - North Tripura,Total,75-79,4966,2486,2480,1772,533,1239,3194,1953,1241,356,183,173,1388,786,602,870,519,351,278,209,69,108,86,22,114,102,12,0,0,0,4,3,1,66,61,5,10,4,6
C2308,16,292,District - North Tripura,Total,80+,6331,2847,3484,2733,785,1948,3598,2062,1536,450,228,222,1613,819,794,940,578,362,303,215,88,118,88,30,118,86,32,0,0,0,3,2,1,42,37,5,11,9,2
C2308,16,292,District - North Tripura,Total,Age not stated,187,105,82,51,26,25,136,79,57,58,34,24,13,6,7,20,13,7,19,10,9,5,3,2,9,6,3,0,0,0,0,0,0,5,5,0,7,2,5
C2308,16,292,District - North Tripura,Rural,All ages,573662,291893,281769,154595,68431,86164,419067,223462,195605,29984,14501,15483,135559,68980,66579,112361,60419,51942,80145,43436,36709,26264,14730,11534,25255,14929,10326,14,10,4,207,134,73,8547,5935,2612,731,388,343
C2308,16,292,District - North Tripura,Rural,0-6,86485,43942,42543,86485,43942,42543,0,0,0,0,0,0,0,0,0,0,0,0,0,0,0,0,0,0,0,0,0,0,0,0,0,0,0,0,0,0,0,0,0
C2308,16,292,District - North Tripura,Rural,7,11836,5969,5867,2389,1197,1192,9447,4772,4675,244,128,116,9178,4630,4548,0,0,0,0,0,0,0,0,0,0,0,0,0,0,0,0,0,0,0,0,0,25,14,11
C2308,16,292,District - North Tripura,Rural,8,11989,6132,5857,1171,577,594,10818,5555,5263,177,88,89,10626,5455,5171,0,0,0,0,0,0,0,0,0,0,0,0,0,0,0,0,0,0,0,0,0,15,12,3
C2308,16,292,District - North Tripura,Rural,9,11966,6099,5867,825,405,420,11141,5694,5447,155,85,70,10408,5318,5090,564,285,279,0,0,0,0,0,0,0,0,0,0,0,0,0,0,0,0,0,0,14,6,8
C2308,16,292,District - North Tripura,Rural,10,13031,6712,6319,951,467,484,12080,6245,5835,208,119,89,9502,4906,4596,2364,1216,1148,0,0,0,0,0,0,0,0,0,0,0,0,0,0,0,0,0,0,6,4,2
C2308,16,292,District - North Tripura,Rural,11,12113,6126,5987,612,280,332,11501,5846,5655,161,87,74,5214,2678,2536,6118,3077,3041,0,0,0,0,0,0,0,0,0,0,0,0,0,0,0,0,0,0,8,4,4
C2308,16,292,District - North Tripura,Rural,12,13239,6744,6495,643,284,359,12596,6460,6136,186,88,98,3006,1576,1430,8923,4564,4359,469,225,244,0,0,0,0,0,0,0,0,0,0,0,0,0,0,0,12,7,5
C2308,16,292,District - North Tripura,Rural,13,11794,5985,5809,552,244,308,11242,5741,5501,185,99,86,1697,899,798,7806,3976,3830,1547,763,784,0,0,0,0,0,0,0,0,0,0,0,0,0,0,0,7,4,3
C2308,16,292,District - North Tripura,Rural,14,11660,5882,5778,615,286,329,11045,5596,5449,213,107,106,1327,689,638,5707,2973,2734,3788,1823,1965,0,0,0,0,0,0,0,0,0,0,0,0,0,0,0,10,4,6
C2308,16,292,District - North Tripura,Rural,15,11640,5895,5745,777,312,465,10863,5583,5280,262,133,129,1355,719,636,3794,2024,1770,4755,2360,2395,688,339,349,0,0,0,0,0,0,0,0,0,0,0,0,9,8,1
C2308,16,292,District - North Tripura,Rural,16,11639,5870,5769,725,301,424,10914,5569,5345,350,176,174,1290,713,577,2824,1556,1268,4820,2386,2434,1623,735,888,0,0,0,0,0,0,0,0,0,0,0,0,7,3,4
C2308,16,292,District - North Tripura,Rural,17,11015,5898,5117,640,258,382,10375,5640,4735,406,214,192,1330,758,572,2350,1324,1026,3828,2018,1810,2449,1318,1131,0,0,0,0,0,0,0,0,0,0,0,0,12,8,4
C2308,16,292,District - North Tripura,Rural,18,12899,6432,6467,1074,371,703,11825,6061,5764,628,313,315,1879,966,913,2758,1496,1262,3571,1745,1826,1704,868,836,1269,662,607,1,1,0,1,1,0,0,0,0,14,9,5
C2308,16,292,District - North Tripura,Rural,19,10972,5200,5772,836,247,589,10136,4953,5183,582,260,322,1608,783,825,2282,1130,1152,2787,1324,1463,1314,640,674,1539,801,738,1,1,0,8,5,3,0,0,0,15,9,6
C2308,16,292,District - North Tripura,Rural,20-24,59769,29149,30620,5357,1818,3539,54412,27331,27081,3856,1757,2099,10309,4948,5361,13404,6836,6568,12708,6329,6379,5187,2629,2558,7379,3938,3441,2,1,1,46,27,19,1419,816,603,102,50,52
C2308,16,292,District - North Tripura,Rural,25-29,51666,26018,25648,5591,1869,3722,46075,24149,21926,4112,1919,2193,10193,4937,5256,11594,6236,5358,10526,5631,4895,3531,1931,1600,4320,2418,1902,4,2,2,40,32,8,1695,1016,679,60,27,33
C2308,16,292,District - North Tripura,Rural,30-34,41091,21106,19985,4828,1718,3110,36263,19388,16875,3317,1574,1743,8699,4329,4370,8938,4793,4145,8360,4565,3795,2646,1469,1177,2968,1767,1201,0,0,0,26,21,5,1250,837,413,59,33,26
C2308,16,292,District - North Tripura,Rural,35-39,39332,20231,19101,5428,1874,3554,33904,18357,15547,3191,1505,1686,9016,4395,4621,8159,4378,3781,7418,4175,3243,2523,1549,974,2331,1474,857,3,3,0,9,6,3,1203,846,357,51,26,25
C2308,16,292,District - North Tripura,Rural,40-44,32926,16995,15931,5510,1836,3674,27416,15159,12257,2883,1350,1533,8524,4204,4320,6127,3265,2862,5252,3183,2069,1794,1210,584,1714,1106,608,0,0,0,16,10,6,1032,793,239,74,38,36
C2308,16,292,District - North Tripura,Rural,45-49,27830,14637,13193,5480,2010,3470,22350,12627,9723,2399,1159,1240,7874,4045,3829,5149,2863,2286,3629,2196,1433,1136,790,346,1260,860,400,1,1,0,12,5,7,837,682,155,53,26,27
C2308,16,292,District - North Tripura,Rural,50-54,22539,12064,10475,5265,1964,3301,17274,10100,7174,1990,998,992,6351,3344,3007,4227,2498,1729,2629,1765,864,622,432,190,929,647,282,0,0,0,18,10,8,463,385,78,45,21,24
C2308,16,292,District - North Tripura,Rural,55-59,15630,8340,7290,4110,1481,2629,11520,6859,4661,1263,654,609,4425,2329,2096,2766,1673,1093,1601,1074,527,429,317,112,700,544,156,0,0,0,14,8,6,290,245,45,32,15,17
C2308,16,292,District - North Tripura,Rural,60-64,13915,7076,6839,4414,1467,2947,9501,5609,3892,1141,587,554,4042,2043,1999,2294,1427,867,1072,788,284,254,200,54,451,368,83,1,0,1,7,3,4,204,177,27,35,16,19
C2308,16,292,District - North Tripura,Rural,65-69,9943,5043,4900,3393,1046,2347,6550,3997,2553,772,399,373,2956,1584,1372,1707,1106,601,635,493,142,165,139,26,206,182,24,1,1,0,2,1,1,80,72,8,26,20,6
C2308,16,292,District - North Tripura,Rural,70-74,7573,3920,3653,2914,960,1954,4659,2960,1699,616,339,277,2240,1305,935,1208,834,374,364,286,78,83,71,12,83,76,7,0,0,0,4,3,1,40,34,6,21,12,9
C2308,16,292,District - North Tripura,Rural,75-79,3902,1990,1912,1559,485,1074,2343,1505,838,278,144,134,1159,702,457,616,413,203,169,143,26,49,41,8,47,43,4,0,0,0,2,1,1,16,15,1,7,3,4
C2308,16,292,District - North Tripura,Rural,80+,5129,2365,2764,2406,710,1696,2723,1655,1068,371,199,172,1341,720,621,668,469,199,204,157,47,62,49,13,52,39,13,0,0,0,2,1,1,15,14,1,8,7,1
C2308,16,292,District - North Tripura,Rural,Age not stated,139,73,66,45,22,23,94,51,43,38,20,18,10,5,5,14,7,7,13,7,6,5,3,2,7,4,3,0,0,0,0,0,0,3,3,0,4,2,2
C2308,16,292,District - North Tripura,Urban,All ages,120285,60967,59318,18950,8783,10167,101335,52184,49151,5749,2781,2968,17567,8494,9073,20063,9783,10280,21558,11007,10551,10013,5229,4784,15381,8216,7165,20,19,1,454,392,62,10230,6113,4117,300,150,150
C2308,16,292,District - North Tripura,Urban,0-6,12719,6437,6282,12719,6437,6282,0,0,0,0,0,0,0,0,0,0,0,0,0,0,0,0,0,0,0,0,0,0,0,0,0,0,0,0,0,0,0,0,0
C2308,16,292,District - North Tripura,Urban,7,1871,962,909,269,137,132,1602,825,777,19,13,6,1576,809,767,0,0,0,0,0,0,0,0,0,0,0,0,0,0,0,0,0,0,0,0,0,7,3,4
C2308,16,292,District - North Tripura,Urban,8,1931,964,967,68,26,42,1863,938,925,27,18,9,1835,920,915,0,0,0,0,0,0,0,0,0,0,0,0,0,0,0,0,0,0,0,0,0,1,0,1
C2308,16,292,District - North Tripura,Urban,9,1898,952,946,50,26,24,1848,926,922,13,6,7,1740,880,860,93,38,55,0,0,0,0,0,0,0,0,0,0,0,0,0,0,0,0,0,0,2,2,0
C2308,16,292,District - North Tripura,Urban,10,2106,1086,1020,60,34,26,2046,1052,994,19,13,6,1510,781,729,515,257,258,0,0,0,0,0,0,0,0,0,0,0,0,0,0,0,0,0,0,2,1,1
C2308,16,292,District - North Tripura,Urban,11,2029,1026,1003,22,13,9,2007,1013,994,24,15,9,523,280,243,1453,714,739,0,0,0,0,0,0,0,0,0,0,0,0,0,0,0,0,0,0,7,4,3
C2308,16,292,District - North Tripura,Urban,12,2064,1080,984,39,19,20,2025,1061,964,11,8,3,244,137,107,1696,879,817,69,35,34,0,0,0,0,0,0,0,0,0,0,0,0,0,0,0,5,2,3
C2308,16,292,District - North Tripura,Urban,13,1954,977,977,24,12,12,1930,965,965,21,11,10,108,55,53,1383,689,694,413,207,206,0,0,0,0,0,0,0,0,0,0,0,0,0,0,0,5,3,2
C2308,16,292,District - North Tripura,Urban,14,1973,1002,971,23,13,10,1950,989,961,23,15,8,98,49,49,699,359,340,1127,565,562,0,0,0,0,0,0,0,0,0,0,0,0,0,0,0,3,1,2
C2308,16,292,District - North Tripura,Urban,15,2049,1079,970,38,13,25,2011,1066,945,31,13,18,87,52,35,432,250,182,1224,631,593,234,120,114,0,0,0,0,0,0,0,0,0,0,0,0,3,0,3
C2308,16,292,District - North Tripura,Urban,16,2027,1058,969,35,15,20,1992,1043,949,26,15,11,104,55,49,276,164,112,923,464,459,658,341,317,0,0,0,0,0,0,0,0,0,0,0,0,5,4,1
C2308,16,292,District - North Tripura,Urban,17,2084,1095,989,49,22,27,2035,1073,962,39,24,15,127,70,57,300,178,122,631,321,310,934,479,455,0,0,0,0,0,0,0,0,0,0,0,0,4,1,3
C2308,16,292,District - North Tripura,Urban,18,2173,1125,1048,53,23,30,2120,1102,1018,75,35,40,179,93,86,306,158,148,521,268,253,487,259,228,534,276,258,0,0,0,9,7,2,0,0,0,9,6,3
C2308,16,292,District - North Tripura,Urban,19,2111,1056,1055,50,17,33,2061,1039,1022,76,35,41,136,72,64,294,152,142,457,216,241,358,179,179,722,372,350,0,0,0,13,9,4,0,0,0,5,4,1
C2308,16,292,District - North Tripura,Urban,20-24,11276,5567,5709,357,156,201,10919,5411,5508,579,281,298,950,480,470,1746,907,839,2189,1031,1158,1130,554,576,3057,1540,1517,2,2,0,98,74,24,1122,523,599,46,19,27
C2308,16,292,District - North Tripura,Urban,25-29,10900,5400,5500,393,179,214,10507,5221,5286,750,360,390,998,494,504,1680,805,875,2491,1283,1208,1040,489,551,1932,975,957,4,4,0,93,81,12,1487,713,774,32,17,15
C2308,16,292,District - North Tripura,Urban,30-34,10064,5057,5007,376,170,206,9688,4887,4801,641,303,338,997,511,486,1491,713,778,2332,1148,1184,1037,490,547,1822,981,841,5,5,0,71,60,11,1273,667,606,19,9,10
C2308,16,292,District - North Tripura,Urban,35-39,10057,4965,5092,456,201,255,9601,4764,4837,695,314,381,1079,508,571,1469,681,788,2364,1143,1221,1086,562,524,1472,730,742,4,4,0,41,40,1,1362,770,592,29,12,17
C2308,16,292,District - North Tripura,Urban,40-44,9235,4800,4435,550,224,326,8685,4576,4109,616,299,317,1038,465,573,1289,637,652,1987,1055,932,985,535,450,1418,741,677,1,1,0,32,29,3,1295,801,494,24,13,11
C2308,16,292,District - North Tripura,Urban,45-49,8073,4206,3867,591,230,361,7482,3976,3506,560,264,296,1001,440,561,1117,494,623,1554,834,720,683,396,287,1272,684,588,0,0,0,27,26,1,1248,830,418,20,8,12
C2308,16,292,District - North Tripura,Urban,50-54,6431,3370,3061,549,202,347,5882,3168,2714,450,229,221,811,353,458,938,439,499,1190,626,564,461,262,199,1110,617,493,2,2,0,20,19,1,880,608,272,20,13,7
C2308,16,292,District - North Tripura,Urban,55-59,4907,2583,2324,466,170,296,4441,2413,2028,317,155,162,602,264,338,774,353,421,793,430,363,328,183,145,972,564,408,1,0,1,6,5,1,636,454,182,12,5,7
C2308,16,292,District - North Tripura,Urban,60-64,3738,1997,1741,456,138,318,3282,1859,1423,248,119,129,527,224,303,654,299,355,542,320,222,228,133,95,531,329,202,1,1,0,26,24,2,506,398,108,19,12,7
C2308,16,292,District - North Tripura,Urban,65-69,2539,1273,1266,350,93,257,2189,1180,1009,192,101,91,431,173,258,539,217,322,348,201,147,153,95,58,273,190,83,0,0,0,7,7,0,237,190,47,9,6,3
C2308,16,292,District - North Tripura,Urban,70-74,1762,840,922,361,86,275,1401,754,647,120,53,67,362,145,217,387,179,208,189,102,87,96,68,28,131,109,22,0,0,0,8,8,0,105,88,17,3,2,1
C2308,16,292,District - North Tripura,Urban,75-79,1064,496,568,213,48,165,851,448,403,78,39,39,229,84,145,254,106,148,109,66,43,59,45,14,67,59,8,0,0,0,2,2,0,50,46,4,3,1,2
C2308,16,292,District - North Tripura,Urban,80+,1202,482,720,327,75,252,875,407,468,79,29,50,272,99,173,272,109,163,99,58,41,56,39,17,66,47,19,0,0,0,1,1,0,27,23,4,3,2,1
C2308,16,292,District - North Tripura,Urban,Age not stated,48,32,16,6,4,2,42,28,14,20,14,6,3,1,2,6,6,0,6,3,3,0,0,0,2,2,0,0,0,0,0,0,0,2,2,0,3,0,3
